ServiceName,ParentService,Code,ShowInSnow,EstimatesOnly,TrackChemicals,SalesTaxCode,ServiceMode,InvoiceDescription,Active,DefaultRate,MinimumAmount,MinimumAmountMessage,DefaultBudgetedHours,DefaultCommission,PayOnBudgetedHours,InvoiceTimeFormat,Class,Account,EstimateDescription,CallScriptNotes,NumberOfVisits,RatePer,TargetPerHour,TargetPerHourWithDrive,AverageServiceYears,MatrixCalculation,MatrixCustomField,ChemicalProducts
GL3 Early Summer,,GL3,False,False,True,Non,PerUnit,Application of slow-release fertilizer & post emergent broadleaf weed control.,True,50.00,0.00,,0.25,None,False,None,,Sales,Early SummerMay or JuneThis lawn care treatment contains slow release lawn fertilizer and post-emergent weed control.,,0,NotSet,0.00,0.00,0.00,Qty X Rate X Visits,Turf 1000 Sq Ft,R3 Early Summer Lawn Treatment
August Preemergent Poa,,Aug Pre Poa,False,False,False,Non,FlatRate,August Pre-emergent for perennial Poa,True,50.00,0.00,,0.00,None,False,None,,Sales,August Pre-emergent for perennial Poa,,0,NotSet,0.00,0.00,0.00,Calc X Qty X Rate X Visits,,
Mulch Blower Contractor 15+,,15+ Cont,False,False,False,Non,PerUnit,Blower Installed Mulch,True,58.00,0.00,,0.00,None,False,None,,Sales,"Blower Installed Mulch-Blower Installed Mulching-Deliver and install double-shredded, color-enhanced, hardwood mulch",,0,NotSet,0.00,0.00,0.00,Calc X Qty X Rate X Visits,,
Retaining Wall,,Retaining,False,False,False,,PerUnit,"retaining wall:  materials, preparation, installation",True,0.00,0.00,,0.00,None,False,None,,Sales,"Retaining Wall Installation retaining wall: materials, preparation, installation",,0,NotSet,0.00,0.00,0.00,Calc X Qty X Rate X Visits,,
Chemical Spraying,,Chemical S,False,False,False,,PerUnit,broadleaf weed control,True,7.00,0.00,,0.00,None,False,None,,Sales,Chemical Spraying broadleaf weed control,,0,NotSet,0.00,0.00,0.00,Calc X Qty X Rate X Visits,Turf 1000 Sq Ft,
Extra Seed,,Extra Seed,False,False,False,Non,FlatRate,Delivery and Installation of Extra Seed (Per 50lb Bag),True,150.00,0.00,,0.00,None,False,None,,Sales,Extra Seed Delivery and installation of extra seed (per 50 lb bag of 99.9% weed free blue tag fescue ),,0,NotSet,0.00,0.00,0.00,Calc X Qty X Rate X Visits,,
Core Aeration,,GL5 Core A,False,False,False,,PerUnit,Core aeration,True,22.00,0.00,,0.10,None,False,None,,Sales,Core AerationCore aeration only.No seed or fertilizer. Need grass seed? Certified blue tag seed available for purchase upon request.,,0,NotSet,0.00,0.00,0.00,Calc X Qty X Rate X Visits,Turf 1000 Sq Ft,
Snow Contract Agreement,,Snow Contr,True,False,False,Non,Hourly,Snow Service Contract,True,120.00,0.00,,1.00,None,False,None,,Sales,Snow Service Contract,,0,NotSet,0.00,0.00,0.00,Calc X Qty X Rate X Visits,,
Weed Trimmer Service.,,Weed Trimmer,False,False,False,Non,PerUnit,Trimming by hand with weed trimmer,True,50.00,0.00,,1.00,None,False,None,,Sales,Weed Trimmer Service Trimming by hand with weed trimmer,,0,NotSet,0.00,0.00,0.00,Calc X Qty X Rate X Visits,,
Storm Debris Cleanup,,Storm Debris Cleanup,False,False,False,Non,Hourly,Storm Debris Clean-Up,True,285.00,0.00,,0.00,None,False,None,,Sales,Storm Debris Clean-Up,,0,NotSet,0.00,0.00,0.00,Calc X Qty X Rate X Visits,,
Hedge-Pruning - Early Spring,,Hedges - Spr,False,False,False,Non,FlatRate,Early Spring hedge or shrub trimming,True,285.00,0.00,,1.00,None,False,None,,Sales,Early Spring Hedge or Shrub Trimming,,0,NotSet,0.00,0.00,0.00,Calc X Qty X Rate X Visits,,
Curbside Leaf Collection,,Curbside Le,False,False,False,Non,PerUnit,Curbside Leaf Collection,True,75.00,0.00,,0.00,None,False,None,,Sales,"Curbside Leaf CollectionRemoval and disposal of leaves placed along the curb or in a pile on site.*Please note that based on weather conditions such as rain, wind, cold, or snow, the price for this service is subject to",,0,NotSet,0.00,0.00,0.00,Calc X Qty X Rate X Visits,,
Topsoil (Service),,Topsoil,False,False,False,,PerUnit,Topsoil - Labor Included,True,100.00,0.00,,0.00,None,False,None,,Sales,Topsoil Installation -Deliver and install topsoil- Labor Included ( 2 - 6 yds ),,0,NotSet,0.00,0.00,0.00,Calc X Qty X Rate X Visits,,
Bed Maintenance,,Bed Maint,False,False,False,Non,PerUnit,bed maintenance ( pulling weeds & keeping mulch beds clean ),True,45.00,0.00,,0.50,None,False,None,,Sales,Bed Maintenancebed maintenance ( pulling weeds &amp; keeping mulch beds clean ),,0,NotSet,0.00,0.00,0.00,Calc X Qty X Rate X Visits,,
Route Inspect B/W,,Inspect BW,False,False,False,Non,PerUnit,Inspect Bi-weekly customer routes,True,0.00,0.00,,0.20,None,False,None,,Sales,Inspect Bi-weekly customer routes,,0,NotSet,0.00,0.00,0.00,Calc X Qty X Rate X Visits,,
Fungicide App 4,,Fungi 4,False,False,True,,PerUnit,Fungicide Application 4,True,45.00,0.00,,0.00,None,False,None,,Sales,Fungicide Application 4August fungicide application,,0,NotSet,0.00,0.00,0.00,Qty X Rate X Visits,Turf 1000 Sq Ft,Fungicide Lawn Treatment 2 & 4
Lawn Repair,,Lawn Repair,False,False,False,Non,FlatRate,Patch work to repair dead spots in the lawn,True,0.01,0.00,,0.00,None,False,None,,Sales,Lawn Repair Service Patch work to repair dead spots in the lawn,,0,NotSet,0.00,0.00,0.00,Calc X Qty X Rate X Visits,,
Irrigation Installation,,Irrigation,False,False,False,,PerUnit,installation of irrigation,True,0.00,0.00,,0.00,None,False,None,,Sales,Installation of Irrigation,,0,NotSet,0.00,0.00,0.00,Calc X Qty X Rate X Visits,,
Tractor Labor,,Tractor La,False,False,False,,PerUnit,use of tractor to complete a job,True,150.00,0.00,,0.00,None,False,None,,Sales,Tractor Labor use of tractor to complete a job,,0,NotSet,0.00,0.00,0.00,Calc X Qty X Rate X Visits,,
Leaf & Vacuum Service,,Leaf & Vac,False,False,False,Non,PerUnit,Leaf cleanup and removal,True,285.00,0.00,,3.00,None,False,None,,Sales,Leaf and Vacuum ServiceClean leaves from areas of lawnClean leaves from mulch bedsVacuum Leaves*Cleaning leaves within wooded / natural areas is not included unless specified otherwise.*Clea,,0,NotSet,0.00,0.00,0.00,Calc X Qty X Rate X Visits,,
Landscape Fabric,,Landscape Fabric,False,False,False,Non,FlatRate,Delivery and installation of landscape fabric,True,0.01,0.00,,0.00,None,False,None,,Sales,Landscape Fabric InstallDelivery and installation of landscape fabric,,0,NotSet,0.00,0.00,0.00,Calc X Qty X Rate X Visits,,
Angies Leaf Special,Angies Special,Angie Leaf,False,False,False,Non,FlatRate,Angies Special - leaf clean-pp plus debris disposal,True,199.00,0.00,,4.00,None,False,None,,Sales,Angie&#39;s Special - leaf clean-pp plus debris disposal,,0,NotSet,0.00,0.00,0.00,Calc X Qty X Rate X Visits,,
Bed Edging,,Bed Edging,False,False,False,,PerUnit,edging of mulch beds,True,0.01,0.00,,0.00,None,False,None,,Sales,Bed Edging edging of mulch beds,,0,NotSet,0.00,0.00,0.00,Calc X Qty X Rate X Visits,,
Bush Hog Service,,Bush Hog,False,False,False,Non,PerUnit,Bush Hog clearing service,True,120.00,0.00,,1.00,None,False,None,,Sales,Bush Hog ServiceBush Hog clearing service,,0,NotSet,0.00,0.00,0.00,Calc X Qty X Rate X Visits,,
Materials,,Materials,False,False,False,,PerUnit,materials provided needed to complete a job,True,0.00,0.00,,0.00,None,False,None,,Sales,Materials List materials provided needed to complete a job,,0,NotSet,0.00,0.00,0.00,Calc X Qty X Rate X Visits,,
Snow Removal,,Snow Remov,True,False,False,,PerUnit,plowing of snow,True,180.00,0.00,,0.00,None,False,None,,Sales,Snow Removalplowing of snow,,0,NotSet,0.00,0.00,0.00,Calc X Qty X Rate X Visits,,
Misc. Services,,Misc. Serv,False,False,False,,PerUnit,quoted cost for materials and services,True,285.00,0.00,,3.00,None,False,None,,Sales,Misc. Services quoted cost for materials and services,,0,NotSet,0.00,0.00,0.00,Calc X Qty X Rate X Visits,,
Mulch Blower Homeowner 15+,,Blown Mulch,False,False,False,,PerUnit,Blower Installed Mulching,True,68.00,0.00,,0.00,None,False,None,,Sales,"Blower Installed Mulch-Blower Installed Mulching-Deliver and install double-shredded, color-enhanced, hardwood mulch",,0,NotSet,0.00,0.00,0.00,Calc X Qty X Rate X Visits,,
Route Inspection Leaves,,Rte Leaves,False,False,False,Non,PerUnit,Use to pre-route Leaf services,True,0.00,0.00,,0.00,None,False,None,,Sales,Use to pre-route Leaf services,,0,NotSet,0.00,0.00,0.00,Calc X Qty X Rate X Visits,,
Angies Special,,Angie,False,False,False,Non,FlatRate,Special Advertised Servce,True,0.00,0.00,,0.00,None,False,None,,Sales,Special Advertised Servce,,0,NotSet,0.00,0.00,0.00,Calc X Qty X Rate X Visits,,
Landscape Cleanup,,Landscape Cleanup,False,False,False,Non,PerUnit,Labor and tools provided for general landscape cleanup,True,285.00,0.00,,2.00,None,False,None,,Sales,Landscape Cleanup Labor and tools provided for general landscape cleanup,,0,NotSet,0.00,0.00,0.00,Calc X Qty X Rate X Visits,,
Mulch Bed Maintenance/Weed Ctrl,,Mulch Bed Maint /Weed Ctrl,False,False,False,Non,PerUnit,Mulch bed maintenance and weed control,True,150.00,0.00,,2.00,None,False,None,,Sales,Mulch bed maintenance and weed control,,0,NotSet,0.00,0.00,0.00,Calc X Qty X Rate X Visits,,
Weekly Debris Removal,,Wkly Dbris Rmvl,False,False,False,Non,FlatRate,Weekly leaf and stick removal and disposal during mowing service,True,10.00,0.00,,0.00,None,False,None,,Sales,Weekly Debris RemovalRemoval and disposal of leaves and sticks during mowing service,,0,NotSet,0.00,0.00,0.00,Calc X Qty X Rate X Visits,,
Carbon G Application,,Carbon G,False,False,True,Non,PerUnit,Application of Carbon G.,True,0.00,0.00,,0.50,None,False,None,,Sales,Application of Carbon G,,0,NotSet,0.00,0.00,0.00,Calc X Qty X Rate X Visits,,
Insecticide Application,,Insecticide Application,False,False,True,Non,PerUnit,Insecticide Application,True,0.00,0.00,,0.00,None,False,None,,Sales,Insecticide Application,,0,NotSet,0.00,0.00,0.00,Qty X Rate X Visits,Turf 1000 Sq Ft,Bandit Insecticide
Hedge Trimming - Summer,,Hedges - Sum,False,False,False,Non,FlatRate,Summer hedge or shrub trimming,True,285.00,0.00,,1.00,None,False,None,,Sales,Summer Hedge trimming,,0,NotSet,0.00,0.00,0.00,Calc X Qty X Rate X Visits,,
Irrigation Winterization,,Irrigation,False,False,False,,PerUnit,winterization of irrigation,True,115.00,0.00,,0.00,None,False,None,,Sales,Irrigation Winterization,,0,NotSet,0.00,0.00,0.00,Calc X Qty X Rate X Visits,,
Spring Cleanup,,Spring Cleanup,False,False,False,Non,PerUnit,Spring Cleanup,True,0.00,0.00,,0.00,None,False,None,,Sales,Spring Cleanup,,0,NotSet,0.00,0.00,0.00,Calc X Qty X Rate X Visits,,
GL4 Summer,,GL4,False,False,True,Non,PerUnit,Application of slow release fertilizer & post emergent broadleaf weed control.,True,50.00,0.00,,0.25,None,False,None,,Sales,SummerJuly or AugustThis treatment includes a liquid application containing slow release fertilizer and post-emergent broadleaf weed control.,,0,Visit,0.00,0.00,0.00,Qty X Rate X Visits,Turf 1000 Sq Ft,R4 Summer Lawn Treatment
Old Landscape Removal,,Old Landsc,False,False,False,,PerUnit,removal of plants,True,0.00,0.00,,0.00,None,False,None,,Sales,Removal of Old Landscape-Removal of plants-Old plants a debris hauled away,,0,NotSet,0.00,0.00,0.00,Calc X Qty X Rate X Visits,,
Tree Service,,Tree Servi,False,False,False,,PerUnit,cutting of trees,True,0.00,0.00,,0.00,None,False,None,,Sales,Tree Service cutting of trees,,0,NotSet,0.00,0.00,0.00,Calc X Qty X Rate X Visits,,
Winter Pruning,,Winter Prun,False,False,False,Non,PerUnit,"Winter Pruning of Crepe Myrtles, Ornamental Grasses, shrubs, etc",True,285.00,0.00,,3.00,None,False,None,,Sales,"Winter Pruning-Pruning of Crepe Myrtles, Ornamental Grasses, shrubs, etc",,0,NotSet,0.00,0.00,0.00,Calc X Qty X Rate X Visits,,
"Aerating, seeding, fertilizing",,GL5 ASF,False,False,True,Non,PerUnit,"Core aeration, seeding and fertilizing.
(Labor & material included)",True,50.50,0.00,,0.50,None,False,None,,Sales,"Early FallCore aeration, seeding, and fertilizing *SEED WILL BE APPLIED AT A RATE OF APPROXIMATELY 5 POUNDS PER 1,000 SQUARE FEET. EXTRA SEED CAN BE PURCHASED &amp; APPLIED UPON REQUES",,0,NotSet,0.00,0.00,0.00,Calc X Qty X Rate X Visits,Turf 1000 Sq Ft,8-14-1
Fungicide App 2,,Fungi 2,False,False,True,,PerUnit,Fungicide Application 2,True,45.00,0.00,,0.00,None,False,None,,Sales,Fungicide Application 2June fungicide application,,0,NotSet,0.00,0.00,0.00,Qty X Rate X Visits,Turf 1000 Sq Ft,Fungicide Lawn Treatment 2 & 4
Leaf & Vac Pre Thanksgiving,,Leaf & Vac Pre Thanksgiving,False,False,False,Non,FlatRate,Leaf & Vac Pre Thanksgiving,True,285.00,0.00,,0.00,None,False,None,,Sales,Leaf and Vac Service Leaf &amp; Vac Pre ThanksgivingClean leaves from areas of lawnClean leaves from mulch bedsVacuum Leaves*Cleaning leaves within wooded / natural areas is not included</strong,,0,NotSet,0.00,0.00,0.00,Calc X Qty X Rate X Visits,,
Lime Application,,Lime Application,False,False,True,Non,PerUnit,Lime Application,True,0.00,0.00,,0.00,None,False,None,,Sales,Lime Application,,0,NotSet,0.00,0.00,0.00,Calc X Qty X Rate X Visits,Turf 1000 Sq Ft,Lime Pellets
Moss Control,,Moss,False,False,False,Non,PerUnit,Moss Control Application,True,45.00,0.00,,0.25,None,False,None,,Sales,Moss Control Application,,0,NotSet,0.00,0.00,0.00,Qty X Rate X Visits,Turf 1000 Sq Ft,
Late Fee,,Late Fee,False,False,False,Non,FlatRate,"Youll be charged a late fee when you dont pay your bill on
time. The amount is the greater
of $5 or 1.5% of the unpaid
balance.",True,5.00,0.00,,0.00,None,False,None,,Sales,"Youll be charged a late fee when you dont pay your bill on
time. The amount is the greater
of $5 or 1.5% of the unpaid
balance.",,0,NotSet,0.00,0.00,0.00,Calc X Qty X Rate X Visits,,
Snapshot,,Snapshot,False,False,False,Non,PerUnit,Snapshot application,True,0.01,0.00,,0.00,None,False,None,,Sales,Snapshot applicationApply Snapshot pre-emergent weed control to mulch beds before mulching,,0,NotSet,0.00,0.00,0.00,Calc X Qty X Rate X Visits,,
Weekly Leaf Clean-Up,,Weekly Leaf Clean-Up,False,False,False,Non,FlatRate,Weekly Leaf Clean-Up,True,50.00,0.00,,0.00,None,False,None,,Sales,Weekly Leaf Clean-Up:Eight weekly leaf clean-ups starting the first week of November and ending the week of Christmas.Leaves will be blown off lawn and out of mulch beds and into wooded areas.,,0,NotSet,0.00,0.00,0.00,Calc X Qty X Rate X Visits,,
Pruning,,Pruning,False,False,False,Non,PerUnit,"trimming of shrubs,small trees, liriope, etc.",True,285.00,0.00,,0.00,None,False,None,,Sales,"Pruning Services trimming of shrubs, small trees, liriope, etc.",,0,NotSet,0.00,0.00,0.00,Calc X Qty X Rate X Visits,,
Rock / Gravel,,Rock / Gra,False,False,False,,PerUnit,rock / gravel,True,45.00,0.00,,0.00,None,False,None,,Sales,Rock/Gravel Installrock / gravel,,0,NotSet,0.00,0.00,0.00,Calc X Qty X Rate X Visits,,
Brushmaster,,Brushmaster,False,False,False,Non,FlatRate,Spraying of Brushmaster,True,75.00,0.00,,0.00,None,False,None,,Sales,Brushmaster Spraying of Brushmaster,,0,NotSet,0.00,0.00,0.00,Calc X Qty X Rate X Visits,,
Blown Compost Plus,,Blown Compost Plus,False,False,False,Non,PerUnit,"Blown Compost Plus 

15 plus yds",True,67.00,0.00,,0.00,None,False,None,,Sales,Blower Installed Organic CompostIncreases organic matter in your soil.Helps plants absorb nutrients already in your soil and provides some extra nutrients too.Makes clay soils more airy and helps them,,0,NotSet,0.00,0.00,0.00,Calc X Qty X Rate X Visits,,
Irrigation Start Up,,Irrigation,False,False,False,,PerUnit,turning on of irrigation system,True,115.00,0.00,,1.00,None,False,None,,Sales,Irrigation Start up turning on of irrigation system,,0,NotSet,0.00,0.00,0.00,Calc X Qty X Rate X Visits,,
Fuel Surcharge,,Fuel,False,False,False,Non,PerUnit,Fuel cost adjustment due to inflation,True,1.00,0.00,,0.00,None,False,None,,Sales,Fuel adjustment due to inflation,,0,NotSet,0.00,0.00,0.00,Calc X Qty X Rate X Visits,,
Mulch Red by Hand 8-14 yds,,Mulch Red by Hand 8-14 yds,False,False,False,Non,PerUnit,Delivery and Installation of Red Mulch,True,80.00,0.00,,0.00,None,False,None,,Sales,"Hand Installed Red Mulch -Hand Installed Mulching-Deliver and install double-shredded, color-enhanced, red mulch",,0,NotSet,0.00,0.00,0.00,Calc X Qty X Rate X Visits,,
Leaf Cleanup,,Leaf Clean,False,False,False,Non,PerUnit,Leaf cleanup,True,285.00,0.00,,3.00,None,False,None,,Sales,Leaf Clean-Up *Cleaning leaves within wooded areas is not included unless specified otherwise.*Cleaning leaves within mulch beds will result in a loss of some of the mulch.,,0,NotSet,0.00,0.00,0.00,Calc X Qty X Rate X Visits,,
Play Ground Chips,,Play Groun,False,False,False,,PerUnit,installation of play ground chips,True,67.00,0.00,,0.00,None,False,None,,Sales,Install Playground Chipsinstallation of play ground chips,,0,NotSet,0.00,0.00,0.00,Calc X Qty X Rate X Visits,,
Mulch Hand Installed 8-14 yds,,Mulching -,False,False,False,,PerUnit,Hand Installed Mulching,True,73.00,0.00,,1.00,None,False,None,,Sales,"Hand Installed Mulch Edge Mulch Beds.Deliver and install double-shredded, color-enhanced, hardwood mulch.*Please note that mulch preparation clean-up, such as removing leaves and sticks within the mulch beds, i",,0,NotSet,0.00,0.00,0.00,Calc X Qty X Rate X Visits,,
Contract Services,,Contract Svc,False,False,False,Non,PerUnit,Contract Service - Billing per Agreement,True,0.00,0.00,,0.00,None,False,None,,Sales,Contract Service - Billing per Agreement,,0,NotSet,0.00,0.00,0.00,Calc X Qty X Rate X Visits,,
Landscape Timbers,,Timbers,False,False,False,Non,PerUnit,Install Landscape Timbers,True,5.00,0.00,,0.25,None,False,None,,Sales,Install Landscape Timbers,,0,NotSet,0.00,0.00,0.00,Calc X Qty X Rate X Visits,,
Tip,,Tip,False,False,False,Non,FlatRate,Tip,True,0.00,0.00,,0.00,FlatRatePerJob,False,None,,Uncategorized Income,Tip,,0,NotSet,0.00,0.00,0.00,Calc X Qty X Rate X Visits,,
Delivery,,Delivery,False,False,False,Non,FlatRate,Delivery,True,150.00,0.00,,0.00,None,False,None,,Sales,Delivery,,0,NotSet,0.00,0.00,0.00,Calc X Qty X Rate X Visits,,
Soil Sample,,Soil Sampl,False,False,False,Non,PerUnit,Soil Sample,True,45.00,0.00,,0.00,None,False,None,,Sales,"Soil Sample This soil sample will test your soils PH.  The results of this test will tell us what may be needed, in addition to the lawn applications, to help better establish a healthy lawn.An additional est",,0,NotSet,0.00,0.00,0.00,Calc X Qty X Rate X Visits,,
Grounds Maintenance,,Grounds Maint,False,False,False,Non,PerUnit,"Cleanup debris, sticks, trash, etc.",True,180.00,0.00,,3.00,None,False,None,,Sales,"Cleanup debris, sticks, trash, etc.",,0,NotSet,0.00,0.00,0.00,Calc X Qty X Rate X Visits,,
Fungicide App 3,,Fungi 3,False,False,True,,PerUnit,Fungicide Application 3,True,45.00,0.00,,0.00,None,False,None,,Sales,Fungicide Application 3July fungicide application,,0,NotSet,0.00,0.00,0.00,Qty X Rate X Visits,Turf 1000 Sq Ft,Fungicide Lawn Treatment 1 & 3
NDS Drain,,NDS Drain,False,False,False,,PerUnit,"Installation of NDS french drain 
( hand installed )",True,10.00,0.00,,0.00,None,False,None,,Sales,NDS Drain Installation Installation of NDS french drain ( hand installed ),,0,NotSet,0.00,0.00,0.00,Calc X Qty X Rate X Visits,,
Labor,,Labor,False,False,False,,PerUnit,general labor per hour ( tools included ),True,285.00,0.00,,3.00,None,False,None,,Sales,general labor per hour ( tools included ),,0,NotSet,0.00,0.00,0.00,Calc X Qty X Rate X Visits,,
Grading,,Grading,False,False,False,,PerUnit,grading of lot,True,0.00,0.00,,0.00,None,False,None,,Sales,Grading Service grading of lot,,0,NotSet,0.00,0.00,0.00,Calc X Qty X Rate X Visits,,
GL2 Crabgrass Pre-emergent 2,,GL2,False,False,True,Non,PerUnit,"Application of liquid pre-emergent crabgrass control, lawn fertilizer, and broadleaf weed control.",True,50.00,0.00,,0.25,None,False,None,,Sales,"SpringMarch or AprilThis lawn care application consists of a complete lawn fertilizer, pre-emergent crabgrass control, and broadleaf weed control.",,0,NotSet,0.00,0.00,0.00,Qty X Rate X Visits,Turf 1000 Sq Ft,R2 Spring Lawn Treatment
Hedge Trimming,,Hedge Trim,False,False,False,Non,PerUnit,Hedge Trimming,True,285.00,0.00,,0.00,None,False,None,,Sales,Hedge Trimming,,0,NotSet,0.00,0.00,0.00,Calc X Qty X Rate X Visits,,
Erosion Control Mat,,Erosion Control Mat,False,False,False,Non,PerUnit,Delivery and installation of erosion control mat.,True,0.01,0.00,,0.00,None,False,None,,Sales,Erosion Control Mat Install Delivery and installation of erosion control mat.,,0,NotSet,0.00,0.00,0.00,Calc X Qty X Rate X Visits,,
Irrigation Repairs,,Irrigation,False,False,False,,PerUnit,repairs of irrigation,True,0.00,0.00,,0.00,None,False,None,,Sales,Irrigation Repairs,,0,NotSet,0.00,0.00,0.00,Calc X Qty X Rate X Visits,,
Final Leaf & Vac,,Final Leaf & Vac,False,False,False,Non,FlatRate,Final Leaf and Vac service included in contract,True,0.00,0.00,,0.00,None,False,None,,Sales,Final Leaf and Vac service included in contract,,0,NotSet,0.00,0.00,0.00,Calc X Qty X Rate X Visits,,
Installment Billing Service,,Installment Billing,False,False,False,Non,PerUnit,Installment Billing Service: to spread payments over 12 months,True,24.00,0.00,,0.00,None,False,None,,Sales,Installment Billing Service: to spread payments over 12 months,,0,NotSet,0.00,0.00,0.00,Calc X Qty X Rate X Visits,,
Stump Grinding,,Stump Grin,False,False,False,,PerUnit,grinding of stumps,True,0.00,0.00,,0.00,None,False,None,,Sales,Stump Grinding,,0,NotSet,0.00,0.00,0.00,Calc X Qty X Rate X Visits,,
Mowing of Field Bi-Weekly,,BW Mowing of,False,False,False,Non,PerUnit,Mowing of field,True,50.00,0.00,,0.00,None,False,None,,Sales,Mowing of field,,0,NotSet,0.00,0.00,0.00,Calc X Qty X Rate X Visits,,
Site Visit,,Site Visit,False,False,False,Non,FlatRate,Site Visit.  Do not Invoice.,True,0.00,0.00,,0.00,None,False,None,,Sales,Site Visit.  Do not Invoice.,,0,NotSet,0.00,0.00,0.00,Calc X Qty X Rate X Visits,,
Irrigation Maintenance,,Irr Maint,False,False,False,Non,PerUnit,Irrigation Maintenance Visit,True,90.00,0.00,,1.00,None,False,None,,Sales,Irrigation Maintenance Visit,,0,NotSet,0.00,0.00,0.00,Calc X Qty X Rate X Visits,,
Ice Melt,Snow Removal,Snow Ice Melt,True,False,False,,PerUnit,"application of ice melt to sidewalks, parking lots and other areas needed",True,50.00,0.00,,0.00,None,False,None,,Sales,"Ice Melt Application application of ice melt to sidewalks, parking lots and other areas needed",,0,NotSet,0.00,0.00,0.00,Calc X Qty X Rate X Visits,,
Weekly Mowing,,Weekly Mowing,False,False,False,Non,FlatRate,Weekly mowing service,True,0.00,0.00,,0.00,None,False,None,,Sales,Weekly Mowing Service,,0,NotSet,0.00,0.00,0.00,Calc X Qty X Rate X Visits,,
GL7 Winter Fert / Weed Ctrl,,GL7,False,False,True,Non,PerUnit,Winter lawn fertilization and weed control.,True,50.00,0.00,,0.25,None,False,None,,Sales,WinterDecember or JanuaryWinter lawn fertilization continues to thicken the lawn and strengthen root development.,,0,NotSet,0.00,0.00,0.00,Qty X Rate X Visits,Turf 1000 Sq Ft,R7 Winter Lawn Treatment
Drainage II,,Drainage I,False,False,False,,PerUnit,installation of drain pipe  - hand installed,True,4.00,0.00,,0.00,None,False,None,,Sales,Drainage Hand Installed installation of drain pipe - hand installed,,0,NotSet,0.00,0.00,0.00,Calc X Qty X Rate X Visits,,
Fungicide App 1,,Fungi 1,False,False,True,,PerUnit,Fungicide Application 1,True,45.00,0.00,,0.00,None,False,None,,Sales,Fungicide Application 1May fungicide application,,0,NotSet,0.00,0.00,0.00,Qty X Rate X Visits,Turf 1000 Sq Ft,Fungicide Lawn Treatment 1 & 3
Mulch Blower Contractor 10-14,,Cont 10-14,False,False,False,Non,PerUnit,Blower Installed Mulch,True,60.00,0.00,,0.00,None,False,None,,Sales,"Blower Installed Mulch-Blower Installed Mulching-Deliver and install double-shredded, color-enhanced, hardwood mulch",,0,NotSet,0.00,0.00,0.00,Calc X Qty X Rate X Visits,,
Leaf & Vac Holiday,,Leaf & Vac Holiday,False,False,False,Non,Hourly,Leaf and Vacuum Service,True,285.00,0.00,,0.00,None,False,None,,Sales,Leaf and Vacuum ServiceClean and vacuum leaves 3 times1 cleanup before Thanksgiving1 cleanup before Christmas1 cleanup after New Years* Leaves within any natural areas to remain unless specified to be cleane,,0,NotSet,0.00,0.00,0.00,Calc X Qty X Rate X Visits,,
Mushroom Compost,,Mushroom C,False,False,False,,PerUnit,Mushroom Compost - Labor Included,True,75.00,0.00,,0.00,None,False,None,,Sales,Organic Compost InstallOrganic Compost - Labor IncludedIncreases organic matter in your soil.Makes clay soils more airy and helps them drain better.Helps sandy soils retain water.Helps balance,,0,NotSet,0.00,0.00,0.00,Calc X Qty X Rate X Visits,,
Bag Grass Clippings,,Bag Grass,False,False,False,Non,PerUnit,Bag and Remove of Grass Clipping,True,65.00,0.00,,1.00,None,False,None,,Sales,Bag Grass ClippingsBag and Remove of Grass Clipping,,0,NotSet,0.00,0.00,0.00,Calc X Qty X Rate X Visits,,
Landscape Design,,Landscape,False,False,False,,PerUnit,landscape design,True,0.00,0.00,,0.00,None,False,None,,Sales,Landscape Design,,0,NotSet,0.00,0.00,0.00,Calc X Qty X Rate X Visits,,
Lawn Leaf/Vac Svc w/contract,,Lawn Leaf/Vac,False,False,False,Non,PerUnit,Lawn/leaf and debris cleanup included with full service mowing agreement,True,75.00,0.00,,0.50,None,False,None,,Sales,Lawn Leaf/Vac Service w/Contract Clean leaves and debris from lawn and mulch beds from late Fall into Winter.,,7,NotSet,0.00,0.00,0.00,Calc X Qty X Rate X Visits,,
Soil Correction Application,,Soil Correction,False,False,False,Non,PerUnit,Custom fertilizer correction application based on soil sample.,True,45.00,0.00,,0.50,None,False,None,,Sales,"Soil Sample Correction Application* To insure optimal health for your lawn, the soil correction application is recommended",,0,NotSet,0.00,0.00,0.00,Calc X Qty X Rate X Visits,,
Mowing Of Field,,Mowing Of,False,False,False,,PerUnit,Mowing of field,True,175.00,0.00,,0.00,None,False,None,,Sales,Mowing of Field,,0,NotSet,0.00,0.00,0.00,Calc X Qty X Rate X Visits,,
Blown Play Ground Chips Plus,,Blown Play,False,False,False,,PerUnit,play ground chips - blown In ( 15 plus ),True,62.00,0.00,,0.00,None,False,None,,Sales,Blower Installed Playground Chips play ground chips - blown In ( 15 plus ),,0,NotSet,0.00,0.00,0.00,Calc X Qty X Rate X Visits,,
Lawn Leaf cleanup w/contract,,Lawn leaf,False,False,False,Non,PerUnit,Lawn/leaf and debris cleanup included with full service mowing agreement,True,60.00,0.00,,0.50,None,False,None,,Sales,Weekly Leaf Sevice clean leaves each week from areas of turfclean leaves from mulch bedsclean leaves from sidewalks. patios &amp; drivewayall leaves to be blown into woods (Schedule includes 7,,8,NotSet,0.00,0.00,0.00,Calc X Qty X Rate X Visits,,
Landscape Edge Stones,,Edge Stones,False,False,False,Non,PerUnit,Delivery and Installation of Landscape Edge Stones,True,0.01,0.00,,0.00,None,False,None,,Sales,Stone Landscape EdgingDelivery and Installation of Landscape Edge Stones,,0,NotSet,0.00,0.00,0.00,Calc X Qty X Rate X Visits,,
Pulling Weeds,,Pulling We,False,False,False,,PerUnit,pulling of weeds in flower beds,True,0.00,0.00,,0.00,None,False,None,,Sales,Weed Pulling in Flower Bedspulling of weeds in flower beds,,0,NotSet,0.00,0.00,0.00,Calc X Qty X Rate X Visits,,
Planting plants,,Planting,False,False,False,,PerUnit,Plants,True,0.00,0.00,,0.00,None,False,None,,Sales,Plant Installation *Please note that nurserys do not warranty plants.  Plants selected will thrive if properly watered after installation.,,0,NotSet,0.00,0.00,0.00,Calc X Qty X Rate X Visits,,
Patio Pavers,,Patio Pave,False,False,False,,PerUnit,installation of patio pavers,True,0.01,0.00,,0.00,None,False,None,,Sales,Patio Paver Installation installation of patio pavers,,0,NotSet,0.00,0.00,0.00,Calc X Qty X Rate X Visits,,
Irrigation -  Marking Heads,,Irrigation Marking,False,False,False,Non,FlatRate,Locate and mark irrigation heads,True,45.00,0.00,,0.50,None,False,None,,Sales,Irrigation Marking Locate and mark irrigation heads,,0,NotSet,0.00,0.00,0.00,Calc X Qty X Rate X Visits,,
Core Aeration & Seeding,,GL5 Core AS,False,False,False,Non,PerUnit,Core Aeration and Seeding,True,45.50,0.00,,0.15,None,False,None,,Sales,"Core Aeration and Seed Core Aeration and Seeding 100% weed free blue tag fescue *SEED WILL BE APPLIED AT A RATE OF 5 POUNDS PER 1,000 SQUARE FEET. EXTRA SEED CAN BE PURCHASED",,0,NotSet,0.00,0.00,0.00,Calc X Qty X Rate X Visits,Turf 1000 Sq Ft,
Lawn Mowing Full Svc,,Lawn Mowin,False,False,False,,PerUnit,"Mowing grass, trimming around trees and sidewalks etc., and blowing to clean clippings off of sidewalks and driveways.",True,65.00,0.00,,0.55,None,False,None,,Sales,"Lawn Mowing Full Service  Mowing grass, trimming around trees and sidewalks etc., and blowing to clean clippings off of sidewalks and driveways. (Schedule includes 32 visits between late March and early November)<",,32,NotSet,0.00,0.00,0.00,Calc X Qty X Rate X Visits,,
Spot Spray Treament,,Spot Spray,False,False,False,Non,FlatRate,Spot spray treatment,True,0.00,0.00,,0.00,None,False,None,,Sales,Spot spray treatment,,0,NotSet,0.00,0.00,0.00,Calc X Qty X Rate X Visits,,
NDS French Drain,,NDS French,False,False,False,,PerUnit,NDS French Drain,True,5.00,0.00,,0.00,None,False,None,,Sales,NDS French Drain Installation,,0,NotSet,0.00,0.00,0.00,Calc X Qty X Rate X Visits,,
Lawn Mowing Bi-Weekly,,Lawn Mow BW,False,False,False,Non,PerUnit,"Mowing grass, trimming & edging around walks, trees, etc. and blowing clippings",True,65.00,0.00,,0.65,None,False,None,,Sales,"Lawn Mowing Bi-Weekly mowing grass, trimming &amp; edging around walks, trees, etc. and blowing clippings",,0,NotSet,0.00,0.00,0.00,Calc X Qty X Rate X Visits,,
Annual Flowers.,,Annuals,False,False,False,Non,Hourly,Planting of Annual Flowers,True,0.00,0.00,,0.00,None,False,None,,Sales,Annual FlowersPlanting of Annual Flowers,,0,NotSet,0.00,0.00,0.00,Calc X Qty X Rate X Visits,,
Priority Fungicide Application,,Priority Fungi,False,False,True,Non,PerUnit,Priority Fungicide Application,True,67.50,0.00,,0.00,None,False,None,,Sales,Priority Fungicide ApplicationThis is a one-time application to prevent the spread of fungus once it is already present in a lawn.Fungicide treatments do not repair damaged grass.  Pythium fungus is not prevented b,,0,NotSet,0.00,0.00,0.00,Calc X Qty X Rate X Visits,,Propiconazole PPZ
Mulch Red by Hand 4-7 yds,,Mulch Red by Hand 4-7 yds,False,False,False,Non,PerUnit,Delivery and Installation of Red Mulch,True,83.00,0.00,,0.00,None,False,None,,Sales,"Hand Installed Red Mulch-Hand Installed Mulching-Deliver and install double-shredded, color-enhanced, red mulch",,0,NotSet,0.00,0.00,0.00,Calc X Qty X Rate X Visits,,
Soil Sample,,Soil Sample,False,False,False,Non,FlatRate,Soil Sample,True,45.00,0.00,,0.00,None,False,None,,Sales,"Soil Sample This soil sample will test your soils PH.  The results of this test will tell us what may be needed, in addition to the lawn applications, to help better establish a healthy lawn.An additional est",,0,NotSet,0.00,0.00,0.00,Calc X Qty X Rate X Visits,,
Weed Control,,Weed Ctrl,False,False,False,,PerUnit,weed control in mulch beds - per mixed gallon,True,25.00,0.00,,0.00,None,False,None,,Sales,weed control in mulch beds - per mixed gallon,,0,NotSet,0.00,0.00,0.00,Calc X Qty X Rate X Visits,,
Mulch Hand Installed 15+,,Mulch Hand Installed 15+,False,False,False,Non,PerUnit,Delivery and Installation of Mulch,True,70.00,0.00,,1.00,None,False,None,,Sales,"Hand Installed MulchEdge mulch beds.Deliver and install double-shredded, color-enhanced, hardwood mulch.*Please note that mulch preparation clean-up, such as removing leaves and sticks within the mulch beds, is not",,0,NotSet,0.00,0.00,0.00,Calc X Qty X Rate X Visits,,
Mulch Blower BWS,,BWS Mulch,False,False,False,Non,PerUnit,Blower Installed Mulch,True,53.00,0.00,,0.00,None,False,None,,Sales,"Blower Installed Mulch-Blower Installed Mulching-Deliver and install double-shredded, color-enhanced, hardwood mulch",,0,NotSet,0.00,0.00,0.00,Calc X Qty X Rate X Visits,,
Landscape Lighting,,Lighting,False,False,False,Non,PerUnit,"Landscape lighting design, materials & installation.",True,0.01,0.00,,0.00,None,False,None,,Sales,"Landscape Lighting InstallLandscape lighting design, materials &amp; installation.",,0,NotSet,0.00,0.00,0.00,Calc X Qty X Rate X Visits,,
Drainage,,Drainage,False,False,False,,PerUnit,installation of drain pipe,True,2.00,0.00,,0.00,None,False,None,,Sales,Drainage Installinstallation of drain pipe,,0,NotSet,0.00,0.00,0.00,Calc X Qty X Rate X Visits,,
Bermuda Suppression,,Bermuda,False,False,False,Non,PerUnit,Bermuda Suppression Treatment,True,0.00,0.00,,0.00,None,False,None,,Sales,Bermuda SuppressionBermuda Suppression Treatment,,0,NotSet,0.00,0.00,0.00,Calc X Qty X Rate X Visits,,
Irrigation Marking,,Irrigation Marking,False,False,False,Non,FlatRate,Flagging of Irrigation heads prior to aeration.,True,22.50,0.00,,0.00,None,False,None,,Sales,Irrigation Marking Flagging of Irrigation heads prior to aeration.,,0,NotSet,0.00,0.00,0.00,Calc X Qty X Rate X Visits,,
Dry Creek,,Dry Creek,False,False,False,Non,FlatRate,Delivery and Installation of Dry Creek,True,0.01,0.00,,0.00,None,False,None,,Sales,Dry CreekDelivery and Installation of Dry Creek,,0,NotSet,0.00,0.00,0.00,Calc X Qty X Rate X Visits,,
Mulch Red by Hand 3 yds,,Mulch Red by Hand 3 yds,False,False,False,Non,PerUnit,Delivery and Installation of Red Mulch,True,84.00,0.00,,0.00,None,False,None,,Sales,"Hand Installed Red Mulch -Hand Installed Mulching-Deliver and install double-shredded, color-enhanced, red mulch",,0,NotSet,0.00,0.00,0.00,Calc X Qty X Rate X Visits,,
Blown Compost,,Blown Comp,False,False,False,,PerUnit,"Blower Installed Compost
(8-14yds)",True,70.00,0.00,,0.00,None,False,None,,Sales,Organic Compost InstallOrganic Compost - Labor IncludedIncreases organic matter in your soil.Makes clay soils more airy and helps them drain better.Helps sandy soils retain water.Helps balance,,0,NotSet,0.00,0.00,0.00,Calc X Qty X Rate X Visits,,
Hedge Trimming - Fall,,Hedges - Fall,False,False,False,Non,FlatRate,Fall hedge or shrub trimming,True,285.00,0.00,,1.00,None,False,None,,Sales,Fall Hedge or Shrub Trimming,,0,NotSet,0.00,0.00,0.00,Calc X Qty X Rate X Visits,,
Sod,,Sod,False,False,False,,PerUnit,"sod

NO WARRANTY ON SOD",True,4.50,0.00,,0.00,None,False,None,,Sales,Sod InstallationDeliver and install fresh cut sod,,0,NotSet,0.00,0.00,0.00,Calc X Qty X Rate X Visits,,
Mulch Blower Homeowner 8-14,,Blown Mulch,False,False,False,,PerUnit,Blower Installed Mulching,True,70.00,0.00,,0.00,None,False,None,,Sales,"Blower Installed Mulch Blower Installed MulchingDeliver and install double-shredded, color-enhanced, hardwood mulchBlower Installed mulching does not include edging of flower beds",,0,NotSet,0.00,0.00,0.00,Calc X Qty X Rate X Visits,,
Limbing of Trees,,Limbing of,False,False,False,,PerUnit,limbing of trees,True,0.01,0.00,,0.00,None,False,None,,Sales,Limbing of Tree Service,,0,NotSet,0.00,0.00,0.00,Calc X Qty X Rate X Visits,,
Mulch Unlimited Labor,,Mulch Unlimited Labor,False,False,False,Non,PerUnit,BB1208 Labor,True,26.00,0.00,,0.00,None,False,None,,Sales,BB1208 Labor,,0,NotSet,0.00,0.00,0.00,Calc X Qty X Rate X Visits,,
Trash Pickup,,Trash Pick,False,False,False,,PerUnit,removal of trash,True,0.00,0.00,,0.00,None,False,None,,Sales,Trash Pickupremoval of trash,,0,NotSet,0.00,0.00,0.00,Calc X Qty X Rate X Visits,,
Blown Play Ground Chips,,Blown Play,False,False,False,,PerUnit,play ground chips - blown In  ( 8 - 14 yds ),True,66.00,0.00,,0.00,None,False,None,,Sales,Blower Installed Playground Chips play ground chips - blown In ( 8 - 14 yds ),,0,NotSet,0.00,0.00,0.00,Calc X Qty X Rate X Visits,,
Dethatching,,Dethatchin,False,False,False,,PerUnit,"dethatching of lawn per 1,000 sqft",True,8.00,0.00,,0.00,None,False,None,,Sales,"Dethatching Service dethatching of lawn per 1,000 sqft",,0,NotSet,0.00,0.00,0.00,Calc X Qty X Rate X Visits,,
GL1 Crabgrass Pre-emergent 1,,GL1,False,False,True,Non,PerUnit,"Early Spring application of liquid pre-emergent crabgrass control, lawn fertilizer, and broadleaf weed control.",True,50.00,0.00,,0.25,None,False,None,,Sales,"Early SpringJanuary or FebruaryThis lawn care application consists of a complete lawn fertilizer, pre-emergent crabgrass control, and broadleaf weed control.",,0,NotSet,0.00,0.00,0.00,Qty X Rate X Visits,Turf 1000 Sq Ft,R1 Early Spring Lawn Treatment
Bad Debt,,Bad Debt,False,False,False,Non,FlatRate,Bad Debt,True,0.00,0.00,,0.00,None,False,None,,Bad Debt Expense,Bad Debt,,0,NotSet,0.00,0.00,0.00,Calc X Qty X Rate X Visits,,
Quoted Cost,,Quoted Cost,False,False,False,Non,PerUnit,quoted cost for materials and services,True,0.00,0.00,,0.00,None,False,None,,Sales,quoted cost for materials and services,,0,NotSet,0.00,0.00,0.00,Calc X Qty X Rate X Visits,,
Mulch Prep Clean Up,,Mulch Prep Clean Up,False,False,False,Non,PerUnit,Quoted cost for mulch preparation clean-up,True,285.00,0.00,,3.00,None,False,None,,Sales,"Mulch Preparation Clean-UpCleaning of leaves, sticks, and debris within the mulch beds in preparation for mulch installation.",,0,NotSet,0.00,0.00,0.00,Calc X Qty X Rate X Visits,,
Sidewalk Shoveling,Snow Removal,Snow Shovel,True,False,False,,PerUnit,clearing of snow from sidewalks & steps,True,75.00,0.00,,0.00,None,False,None,,Sales,Shoveling of Sidewalks clearing of snow from sidewalks &amp; steps,,0,NotSet,0.00,0.00,0.00,Calc X Qty X Rate X Visits,,
Leaf & Vac Post New Year,,Leaf & Vac Post New Year,False,False,False,Non,FlatRate,Leaf & Vac Post New Year,True,285.00,0.00,,0.00,None,False,None,,Sales,Leaf and Vac Service Leaf &amp; Vac Post New YearClean leaves from areas of lawnClean leaves from mulch bedsVacuum Leaves*Cleaning leaves within wooded / natural areas is not included u,,0,NotSet,0.00,0.00,0.00,Calc X Qty X Rate X Visits,,
GL5F Early Fall Fertilizer,,GL5F,False,False,True,Non,PerUnit,Early Fall Starter Fertilizer,True,50.00,0.00,,0.25,None,False,None,,Sales,Early Fall FertilizerEarly Fall Starter Fertilizer,,0,NotSet,0.00,0.00,0.00,Qty X Rate X Visits,Turf 1000 Sq Ft,8-14-1
Mulch Hand Installed 4-7 yds,,Mulching,False,False,False,,PerUnit,Hand Installed Mulching,True,78.00,0.00,,0.00,None,False,None,,Sales,"Hand Installed Mulch Edge Mulch Beds.Deliver and install double-shredded, color-enhanced, hardwood mulch.*Please note that mulch preparation clean-up, such as removing leaves and sticks within the mulch beds, i",,0,NotSet,0.00,0.00,0.00,Calc X Qty X Rate X Visits,,
Curbside Followup,,Curb Followup,False,False,False,Non,PerUnit,Vacuum Service,True,0.01,0.00,,0.50,None,False,None,,Sales,Curbside Follow-upVacuum Service,,0,NotSet,0.00,0.00,0.00,Calc X Qty X Rate X Visits,,
GL6 Late Fall Fertlizer,,GL6,False,False,True,Non,PerUnit,Fall lawn fertilization.,True,50.00,0.00,,0.25,None,False,None,,Sales,Late FallNovember or DecemberFall lawn fertilization continues to thicken the lawn and strengthen root development.,,0,NotSet,0.00,0.00,0.00,Qty X Rate X Visits,Turf 1000 Sq Ft,R6 Late Fall Lawn Treatment
Downspout Emitter Extension,,Downspout Emitter Extension,False,False,False,Non,FlatRate,"Labor and materials provided for the connection, burial, and extension of the downspout emitters.",True,200.00,0.00,,0.00,None,False,None,,Sales,"Downspout Emitter Extension Labor and materials provided for the connection, burial, and extension of the downspout emitters.",,0,NotSet,0.00,0.00,0.00,Calc X Qty X Rate X Visits,,
Sod Installation,,Sod Instal,False,False,False,,PerUnit,Sod Installation,True,1.00,0.00,,0.00,None,False,None,,Sales,Sod Installation,,0,NotSet,0.00,0.00,0.00,Calc X Qty X Rate X Visits,,
Mulch Blower Cross Creek,,Cross Creek Mulch,False,False,False,Non,FlatRate,Blower installed mulch,True,53.00,0.00,,0.00,None,False,None,,Sales,"Blower Installed Mulch-Blower Installed Mulching-Deliver and install double-shredded, color-enhanced, hardwood mulch",,0,NotSet,0.00,0.00,0.00,Calc X Qty X Rate X Visits,,
Route Inspection Mowing,,Inspect,False,False,False,Non,PerUnit,Customer Weekly Route Inspection,True,0.00,0.00,,0.20,None,False,None,,Sales,Customer Route Inspection,,0,NotSet,0.00,0.00,0.00,Calc X Qty X Rate X Visits,,
Leaf & Vac Pre Christmas,,Leaf & Vac Pre Christmas,False,False,False,Non,FlatRate,Leaf & Vac Pre Christmas,True,285.00,0.00,,0.00,None,False,None,,Sales,Leaf and Vac Service Leaf &amp; Vac Pre ChristmasClean leaves from areas of lawnClean leaves from mulch bedsVacuum Leaves*Cleaning leaves within wooded / natural areas is not included u,,0,NotSet,0.00,0.00,0.00,Calc X Qty X Rate X Visits,,
Debris Disposal,,Debris Dis,False,False,False,,PerUnit,disposal of debris,True,70.00,0.00,,0.00,None,False,None,,Sales,Debris Disposal disposal of debris,,0,NotSet,0.00,0.00,0.00,Calc X Qty X Rate X Visits,,
Core Aeration & Fertilizing,,GL5 Core AF,False,False,True,,PerUnit,"Core aeration & application of fertilizer.
(Labor & material included)",True,32.00,0.00,,0.00,None,False,None,,Sales,Core Aeration and Fertilizer Aerating &amp; application of fertilizer (Labor &amp; material included),,0,NotSet,0.00,0.00,0.00,Calc X Qty X Rate X Visits,Turf 1000 Sq Ft,8-14-1