,Active Status,Vendor,Balance,Balance Total,Company,Mr./Ms./...,First Name,M.I.,Last Name,Bill from 1,Bill from 2,Bill from 3,Bill from 4,Bill from 5,Ship from 1,Ship from 2,Ship from 3,Ship from 4,Ship from 5,Primary Contact,Job Title,Main Phone,Fax,Alt. Phone,Secondary Contact
,Active,301 Auto Repair,0.00,0.00,,,,,,301 Auto Repair,,,,,,,,,,,,,,,
,Active,360 Hardware,0.00,0.00,,,,,,360 Hardware,,,,,,,,,,,,,,,
,Active,360 Power Equiptment,0.00,0.00,,,,,,360 Power Equiptment,,,,,,,,,,,,,,,
,Active,623 Landfill,0.00,0.00,,,,,,623 Landfill,,,,,,,,,,,,,,,
,Active,7-eleven,0.00,0.00,,,,,,7-eleven,,,,,,,,,,,,,,,
,Active,A & E Door Company,0.00,0.00,,,,,,A & E Door Company,,,,,,,,,,,,,,,
,Active,ABC Supply Ashland,0.00,0.00,,,,,,ABC Supply Ashland,,,,,,,,,,,,,,,
,Active,Absolute Clean Pressure Washing,0.00,0.00,,,,,,Absolute Clean Pressure Washing,,,,,,,,,,,,,,,
,Active,Ace Hardware,0.00,0.00,,,,,,Ace Hardware,,,,,,,,,,,,,,,
,Active,Advance Auto,0.00,0.00,,,,,,Advance Auto,,,,,,,,,,,,,,,
,Active,Advanced Chute System,0.00,0.00,,,,,,Advanced Chute System,,,,,,,,,,,,,,,
,Active,Advanced Turf Solutions,"-4,437.16","4,437.16",,,,,,Advanced Turf Solutions,12955 Ford Drive,"Fishers, IN 46038",,,,,,,,,,,,,
,Active,All About Tanks,0.00,0.00,,,,,,All About Tanks,,,,,,,,,,,,,,,
,Active,All American Sharpener,0.00,0.00,,,,,,All American Sharpener,,,,,,,,,,,,,,,
,Active,ally,0.00,0.00,ally Bank,,,,,ally Bank,,,,,,,,,,,,,,,
,Active,Amazon,0.00,0.00,,,,,,Amazon,,,,,,,,,,,,,,,
,Active,American Express,0.00,0.00,,,,,,American Express,,,,,,,,,,,,,,,
,Active,American Heart Association,0.00,0.00,,,,,,American Heart Association,,,,,,,,,,,,,,,
,Active,Angies List,0.00,0.00,,,,,,Angie's List,1030 E. Washington Street,"Indianapolis, In 46202",,,,,,,,,,1-866-622-5478,,,
,Active,Anthem,0.00,0.00,Anthem Blue Cross and Blue Shield,,,,,Anthem Blue Cross and Blue Shield,PO Box 11792,"Newark, New Jersey  07101-4792",,,,,,,,,,,,,
,Active,APlus,0.00,0.00,,,,,,APlus,,,,,,,,,,,,,,,
,Active,APPLE,0.00,0.00,,,,,,APPLE,,,,,,,,,,,,,,,
,Active,Arthurs Electric Service Inc.,100.01,-100.01,,,,,,Arthurs Electric Service Inc.,8910 Brook Rd,"Glen Allen, Va 23060",,,,,,,,,,,,,
,Active,Ashland Ace Hardware,0.00,0.00,,,,,,Ashland Ace Hardware,,,,,,,,,,,,,,,
,Active,Ashland Hitch,0.00,0.00,,,,,,Ashland Hitch,,,,,,,,,,,,,,,
,Active,Ashland Road Landfill,0.00,0.00,,,,,,Ashland Road Landfill,,,,,,,,,,,,,,,
,Active,Atlantic & Chesapeake Glass,0.00,0.00,,,,,,Atlantic & Chesapeake Glass,,,,,,,,,,,,,,,
,Active,Atlantic Fence Supply,0.00,0.00,,,,,,Atlantic Fence Supply,,,,,,,,,,,,,,,
,Active,Atlee Car Wash,0.00,0.00,,,,,,Atlee Car Wash,,,,,,,,,,,,,,,
,Active,Auto Glass Now,0.00,0.00,,,,,,Auto Glass Now,,,,,,,,,,,,,,,
,Active,Auto Zone,0.00,0.00,,,,,,Auto Zone,,,,,,,,,,,,,,,
,Active,AVIDPAY,0.00,0.00,,,,,,AVIDPAY,,,,,,,,,,,,,,,
,Active,Ballard Inc,0.00,0.00,,,,,,Ballard Inc,,,,,,,,,,,,,,,
,Active,Bass Pro Shops,0.00,0.00,,,,,,Bass Pro Shops,,,,,,,,,,,,,,,
,Active,Batteries Plus,0.00,0.00,,,,,,Batteries Plus,,,,,,,,,,,,,,,
,Active,Baughan Truck Repair,0.00,0.00,,,,,,Baughan Truck Repair,,,,,,,,,,,,,,,
,Active,Belle Isle Web Consutling,0.00,0.00,,,,,,Belle Isle Web Consutling,1610 Swinton Ln,"Richmond, Va 23238",,,,,,,,,,,,,
,Active,Benjamin Bonilla_,0.00,0.00,,,,,,,,,,,,,,,,,,,,,
,Active,Best Buy,0.00,0.00,,,,,,Best Buy,,,,,,,,,,,,,,,
,Active,Better Business Bureau,0.00,0.00,,,,,,Better Business Bureau,,,,,,,,,,,,,,,
,Active,Bickford Graphics,0.00,0.00,,,,,,Bickford Graphics,,,,,,,,,,,,,,,
,Active,Big Tex Trailer World,0.00,0.00,,,,,,Big Tex Trailer World,,,,,,,,,,,,,,,
,Active,Bill.COM,0.00,0.00,,,,,,Bill.COM,,,,,,,,,,,,,,,
,Active,billygoatparts.com,0.00,0.00,,,,,,billygoatparts.com,,,,,,,,,,,,,,,
,Active,Blacher Canvas Prducts,0.00,0.00,,,,,,Blacher Canvas Prducts,,,,,,,,,,,,,,,
,Active,Blancher Canvas,0.00,0.00,,,,,,Blancher Canvas,,,,,,,,,,,,,,,
,Active,Blazer,0.00,0.00,,,,,,Blazer,,,,,,,,,,,,,,,
,Active,Blue Beacon Truck Wash,0.00,0.00,,,,,,Blue Beacon Truck Wash,,,,,,,,,,,,,,,
,Active,Bluepay,0.00,0.00,,,,,,Bluepay,,,,,,,,,,,,,,,
,Active,Boot Barn,0.00,0.00,,,,,,Boot Barn,,,,,,,,,,,,,,,
,Active,BP Gas Station,0.00,0.00,,,,,,BP Gas Station,,,,,,,,,,,,,,,
,Active,Brian Alden,0.00,0.00,,,,,,Brian Alden,,,,,,,,,,,,,,,
,Active,Brookfield M & W,0.00,0.00,,,,,,Brookfield M & W,,,,,,,,,,,,,,,
,Active,Bryan Marshall,0.00,0.00,,,,,,Bryan Marshall (reimbursement),9282 Drawbridge Rd,"Mechanicsville, VA 23116",,,,,,,,,,,,,
,Active,BT PARTSTREE,0.00,0.00,,,,,,BT PARTSTREE,,,,,,,,,,,,,,,
,Active,Buffalo Wild Wings,0.00,0.00,,,,,,Buffalo Wild Wings,,,,,,,,,,,,,,,
,Active,Bulls Eye Flyers,0.00,0.00,,,,,,Bulls Eye Flyers,,,,,,,,,,,,,,,
,Active,C.L Hyman Auto,0.00,0.00,,,,,,C.L Hyman Auto,,,,,,,,,,,,,,,
,Active,Camping World,0.00,0.00,,,,,,Camping World,,,,,,,,,,,,,,,
,Active,Capital Dents LLC,0.00,0.00,,,,,,Capital Dents LLC,,,,,,,,,,,,,,,
,Active,Capt Greg's Seafood,0.00,0.00,,,,,,Capt Greg's Seafood,,,,,,,,,,,,,,,
,Active,Cardinal Rubber & Seal Inc,0.00,0.00,,,,,,Cardinal Rubber & Seal Inc,,,,,,,,,,,,,,,
,Active,Cardpointe,0.00,0.00,,,,,,Cardpointe,,,,,,,,,,,,,,,
,Active,Carquest,0.00,0.00,,,,,,Carquest,,,,,,,,,,,,,,,
,Active,CARTER LUMBER,0.00,0.00,,,,,,CARTER LUMBER,,,,,,,,,,,,,,,
,Active,Carter Machinery Inc,0.00,0.00,,,,,,Carter Machinery Inc,,,,,,,,,,,,,,,
,Active,Cavalier Hose & Fittings,0.00,0.00,,,,,,Cavalier Hose & Fittings,,,,,,,,,,,,,,,
,Active,"Cawthorn, Deskevich & Gavin, P.C",0.00,0.00,,,,,,"Cawthorn, Deskevich & Gavin, P.C",,,,,,,,,,,,,,,
,Active,Cellular Sales,0.00,0.00,,,,,,Cellular Sales,,,,,,,,,,,,,,,
,Active,Central Garage Car Wash,0.00,0.00,,,,,,Central Garage Car Wash,,,,,,,,,,,,,,,
,Active,Central Parts,0.00,0.00,,,,,,Central Parts,,,,,,,,,,,,,,,
,Active,Central Parts Warehouse,0.00,0.00,,,,,,Central Parts Warehouse,,,,,,,,,,,,,,,
,Active,CEU,0.00,0.00,,,,,,CEU,,,,,,,,,,,,,,,
,Active,Chickahominy Market,0.00,0.00,,,,,,Chickahominy Market,,,,,,,,,,,,,,,
,Active,Circle K,0.00,0.00,,,,,,Circle K,,,,,,,,,,,,,,,
,Active,CITGO,0.00,0.00,,,,,,CITGO,,,,,,,,,,,,,,,
,Active,City Of Richmond,0.00,0.00,,,,,,City Of Richmond,,,,,,,,,,,,,,,
,Active,Clearent,0.00,0.00,,,,,,Clearent,,,,,,,,,,,,,,,
,Active,Colesville Nursery,0.00,0.00,,,,,,Colesville Nursery,PO Box 208,Ashland Va 23005,,,,,,,,,,,,,
,Active,Colonial Truck Sales,0.00,0.00,,,,,,Colonial Truck Sales,,,,,,,,,,,,,,,
,Active,Comcast,449.66,-449.66,,,,,,Comcast,,,,,,,,,,,,,,,
,Active,Commonwealth Trailer Sales,0.00,0.00,,,,,,Commonwealth Trailer Sales,,,,,,,,,,,,,,,
,Active,Connor Tree Service,0.00,0.00,,,,,,Connor Tree Service,P.O Box 776,"Quinton, Va 23141",,,,,,,,,,,,,
,Active,Conquest Graphics,0.00,0.00,,,,,,Conquest Graphics,,,,,,,,,,,,,,,
,Active,Container Locals,0.00,0.00,,,,,,Container Locals,,,,,,,,,,,,,,,
,Active,Copy Cat,0.00,0.00,,,,,,Copy Cat,,,,,,,,,,,,,,,
,Active,County Waste,0.00,0.00,,,,,,County Waste,PO Box 8010,"Clifton Park, Ny 12065",,,,,,,,,,,,,
,Active,Craigslist,0.00,0.00,,,,,,Craigslist,,,,,,,,,,,,,,,
,Active,Creative Conservation,0.00,0.00,,,,,,Creative Conservation,10992 Richardson Rd,"Ashland, Va 23005",,,,,,,,,,,,,
,Active,Cross Creek Nursery,0.00,0.00,,,,,,Cross Creek Nursery,,,,,,,,,,,,,,,
,Active,Custom Hose & Fitting,0.00,0.00,,,,,,Custom Hose & Fitting,,,,,,,,,,,,,,,
,Active,CVS,0.00,0.00,,,,,,CVS,,,,,,,,,,,,,,,
,Active,CWF Water Filtration,0.00,0.00,,,,,,CWF Water Filtration,PO Box 503,"Quinton, Va 23141",,,,,,,,,,,,,
,Active,David B Marshall (Leases),0.00,0.00,,,,,,10073 Holly Rd,"Mechanicsville, VA 23116",,,,,,,,,,,,,,
,Active,David Bradley Marshall,0.00,0.00,David Bradley Marshall,,,,,David B Marshall,10073 Holly Rd,"Mechanicsville, VA 23111",,,,,,,,,Property Manager,804-314-6053,,,
,Active,David Crowder,0.00,0.00,,,,,,David Crowder,,,,,,,,,,,,,,,
,Active,David Marshall (Reimbersement),"2,519.71","-2,519.71",,,,,,David Marshall (reimbursement),,,,,,,,,,,,,,,
,Active,Dawson MFG LLC,0.00,0.00,,,,,,Dawson MFG LLC,,,,,,,,,,,,,,,
,Active,"De Lage Laden Financial Services, Inc",0.00,0.00,,,,,,,,,,,,,,,,,,,,,
,Active,Deer Run Express,0.00,0.00,,,,,,Deer Run Express,,,,,,,,,,,,,,,
,Active,Deluxe,0.00,0.00,,,,,,Deluxe,,,,,,,,,,,,,,,
,Active,Dennis Shiflett,0.00,0.00,,,,,,Dennis Shiflett,,,,,,,,,,,,,,,
,Active,Detail Garage,0.00,0.00,,,,,,Detail Garage,,,,,,,,,,,,,,,
,Active,Dickies,0.00,0.00,,,,,,Dickies,,,,,,,,,,,,,,,
,Active,Dicks Sporting Goods,0.00,0.00,,,,,,Dicks Sporting Goods,,,,,,,,,,,,,,,
,Active,Digital Designs,0.00,0.00,,,,,,Digital Designs,,,,,,,,,,,,,,,
,Active,Diligent Detailing Solutions,0.00,0.00,,,,,,Diligent Detailing Solutions,,,,,,,,,,,,,,,
,Active,Discount Tire,0.00,0.00,,,,,,Discount Tire,,,,,,,,,,,,,,,
,Active,DJ Enterprises,0.00,0.00,DJ Enterprises,,,,,DJ Enterprises,PO Box 872,"North Plains, OR 97133",,,DJ Enterprises,PO Box 872,"North Plains, OR 97133",,,,,5036475230,,,
,Active,DMV,158.40,-158.40,,,,,,DMV,,,,,,,,,,,,,,,
,Active,Dogwood Irrigation,0.00,0.00,Dogwood Irrigation,,,,,Dogwood Irrigation,9336 Locust Lane,"Mechanicsville, Va 23116",,,,,,,,,,804-932-4679,,,
,Active,Dominion Energy,0.00,0.00,,,,,,Dominion Energy,P.O Box 26543,"Richmond, Va 23290",,,,,,,,,,,,,
,Active,Domino's,0.00,0.00,,,,,,Domino's,,,,,,,,,,,,,,,
,Active,Donegal Insurance,0.00,0.00,,,,,,Donegal Insurance,,,,,,,,,,,,,,,
,Active,Donnie's Rufuse Service,0.00,0.00,,,,,,Donnie's Rufuse Service,,,,,,,,,,,,,,,
,Active,Duffy's Repair Service,0.00,0.00,,,,,,Duffy's Repair Service,,,,,,,,,,,,,,,
,Active,Dunkin Donuts,0.00,0.00,,,,,,Dunkin Donuts,,,,,,,,,,,,,,,
,Active,Dylan Belvin,0.00,0.00,,,,,,Dylan Belvin,2808 Old Church Rd,"Mechanicsville, Va 23111",,,,,,,,,,,,,
,Active,E- Z Pass,0.00,0.00,,,,,,E- Z Pass,,,,,,,,,,,,,,,
,Active,Eagle Carports,0.00,0.00,,,,,,Eagle Carports,,,,,,,,,,,,,,,
,Active,Eastern Lock & Key,0.00,0.00,,,,,,Eastern Lock & Key,,,,,,,,,,,,,,,
,Active,Ebay,0.00,0.00,,,,,,Ebay,,,,,,,,,,,,,,,
,Active,Ed's Landscaping & Garden Center,0.00,0.00,,,,,,Ed's Landscaping & Garden Center,,,,,,,,,,,,,,,
,Active,Efficient Spray Products,0.00,0.00,,,,,,Efficient Spray Products,,,,,,,,,,,,,,,
,Active,Enon United Methodist,0.00,0.00,,,,,,Enon United Methodist,,,,,,,,,,,,,,,
,Active,Equipko RVA,0.00,0.00,,,,,,Equipko RVA,,,,,,,,,,,,,,,
,Active,EREPLACEMENTPARTS,0.00,0.00,,,,,,EREPLACEMENTPARTS,,,,,,,,,,,,,,,
,Active,Erie Insurance,0.00,0.00,,,,,,Erie Insurance,,,,,,,,,,,,,,,
,Active,Ervins Mobile Car Wash,0.00,0.00,,,,,,Ervins Mobile Car Wash,,,,,,,,,,,,,,,
,Active,Essex Concrete,0.00,0.00,,,,,,Essex Concrete,,,,,,,,,,,,,,,
,Active,etrailer.com,0.00,0.00,,,,,,etrailer.com,,,,,,,,,,,,,,,
,Active,Etsy,0.00,0.00,,,,,,Etsy,,,,,,,,,,,,,,,
,Active,Express Steel,0.00,0.00,,,,,,Express Steel,,,,,,,,,,,,,,,
,Active,Extreme Mobile Services,0.00,0.00,,,,,,Extreme Mobile Services,,,,,,,,,,,,(804) 994-4677,,,
,Active,Exxon,0.00,0.00,,,,,,Exxon,,,,,,,,,,,,,,,
,Active,ez pass,0.00,0.00,,,,,,ez pass,,,,,,,,,,,,,,,
,Active,FACEBK *8FYNM827Z2  WWW.FB.ME/A,0.00,0.00,,,,,,FACEBK *8FYNM827Z2  WWW.FB.ME/A,,,,,,,,,,,,,,,
,Active,FACEBK *9TC7G7J7Z2  WWW.FB.ME/A,0.00,0.00,,,,,,FACEBK *9TC7G7J7Z2  WWW.FB.ME/A,,,,,,,,,,,,,,,
,Active,FACEBK *FDSZT7E7Z2  WWW.FB.ME/A,0.00,0.00,,,,,,FACEBK *FDSZT7E7Z2  WWW.FB.ME/A,,,,,,,,,,,,,,,
,Active,FACEBK *RHM248S6Z2  WWW.FB.ME/A,0.00,0.00,,,,,,FACEBK *RHM248S6Z2  WWW.FB.ME/A,,,,,,,,,,,,,,,
,Active,Facebook,0.00,0.00,,,,,,Facebook,,,,,,,,,,,,,,,
,Active,Farmchains,0.00,0.00,,,,,,Farmchains,,,,,,,,,,,,,,,
,Active,Fas Mart,0.00,0.00,,,,,,,,,,,,,,,,,,,,,
,Active,Fedex Office,0.00,0.00,,,,,,Fedex Office,,,,,,,,,,,,,,,
,Active,Fencing Unlimited,0.00,0.00,,,,,,Fencing Unlimited,,,,,,,,,,,,,,,
,Active,Fields / Ashland Towing,0.00,0.00,,,,,,Fields / Ashland Towing,,,,,,,,,,,,,,,
,Active,First Class Landscaping Inc.,125.00,-125.00,First Class Landscaping Inc.,,,,,First Class Landscaping Inc.,P.O Box 776,"Quinton, Va 23141",,,,,,,,Jason Conner,,804-932-4679,,,
,Active,First Impression Lawn Service LLC,0.00,0.00,First Inpressions Lawn Service LLC,,,,,First Impression Lawn Service LLC,P.O Box 776,"Quinton, Va 23141",,,,,,,,,,804-932-4679,,,
,Active,Five Star Express,0.00,0.00,,,,,,Five Star Express,,,,,,,,,,,,,,,
,Active,Florida Sprayers,0.00,0.00,,,,,,Florida Sprayers,,,,,,,,,,,,,,,
,Active,Fly WIth Eagles,0.00,0.00,,,,,,Fly WIth Eagles,,,,,,,,,,,,,,,
,Active,Food Lion,0.00,0.00,,,,,,Food Lion,,,,,,,,,,,,,,,
,Active,Ford Credit,0.00,0.00,,,,,,Ford Credit,,,,,,,,,,,,,,,
,Active,Freshmove Media,0.00,0.00,,,,,,Freshmove Media,,,,,,,,,,,,,,,
,Active,Frost Inc,0.00,0.00,,,,,,Frost Inc,,,,,,,,,,,,,,,
,Active,G4 CPA Firm,0.00,0.00,,,,,,G4 CPA Firm,,,,,,,,,,,,,,,
,Active,Gempler's,0.00,0.00,,,,,,Gempler's,,,,,,,,,,,,,,,
,Active,General Equiptment Services Inc,0.00,0.00,,,,,,General Equiptment Services Inc,6450 Studley Rd,"Mechanicsville, Va 23116",,,,,,,,,,,,,
,Active,Givens Tree Service LLC,0.00,0.00,,,,,,Givens Tree Service LLC,10083 Holly Rd,"Mechanicsville, Va 23116",,,,,,,,,,,,,
,Active,Giving Hope Lawn Management LLC,0.00,0.00,Giving Hope Lawn Management,,Mathew,,Walton,Givivng Hope Lawn Management,P.O Box 653,"Sandston, Va 23150",,,,,,,,,,,,,
,Active,Glen Allen Nursery,0.00,0.00,,,,,,Glen Allen Nursery,,,,,,,,,,,,,,,
,Active,Glen Allen Towing,0.00,0.00,,,,,,Glen Allen Towing,,,,,,,,,,,,,,,
,Active,Global Pack & Ship,0.00,0.00,,,,,,Global Pack & Ship,,,,,,,,,,,,,,,
,Active,GM Financial,0.00,0.00,,,,,,,,,,,,,,,,,,855-501-5563,,,
,Active,GNC Industries,0.00,0.00,,,,,,GNC Industries,,,,,,,,,,,,,,,
,Active,Go Daddy,0.00,0.00,,,,,,Go Daddy,,,,,,,,,,,,,,,
,Active,"Good Body Media, LLC",0.00,0.00,,,,,,"Good Body Media, LLC",,,,,,,,,,,,,,,
,Active,Graham Spray Equipment,0.00,0.00,,,,,,Graham Spray Equipment,,,,,,,,,,,,,,,
,Active,Grass Fed Landscaping 1,0.00,0.00,,,,,,Grass Fed Landscaping 1,,,,,,,,,,,,,,,
,Active,Grass Flap,0.00,0.00,,,,,,Grass Flap,,,,,,,,,,,,,,,
,Active,Greater Scapes Ground Managemant LLC,0.00,0.00,,,,,,Greater Scapes Ground Managemant LLC,,,,,,,,,,,,,,,
,Active,Green Top Hunt Fish,0.00,0.00,,,,,,Green Top Hunt Fish,,,,,,,,,,,,,,,
,Active,Green Top Sporting Goods,0.00,0.00,,,,,,Green Top Sporting Goods,,,,,,,,,,,,,,,
,Active,Greene County Fertilizer,0.00,0.00,,,,,,Greene County Fertilizer,,,,,,,,,,,,,,,
,Active,Gregson Clark Sprayers,0.00,0.00,,,,,,Gregson Clark Sprayers,,,,,,,,,,,,,,,
,Active,Hanneman Forest Products,0.00,0.00,,,,,,Hanneman Forest Products,,,,,,,,,,,,,,,
,Active,Hanover County Landfill,0.00,0.00,,,,,,,,,,,,,,,,,,,,,
,Active,Hanover County Treasurer,559.33,-559.33,,,,,,,,,,,,,,,,,,,,,
,Active,Hanover High School,0.00,0.00,,,,,,Hanover High School,,,,,,,,,,,,,,,
,Active,Hanover Machine,0.00,0.00,,,,,,Hanover Machine,,,,,,,,,,,,,,,
,Active,Hanover Powder Coating,0.00,0.00,,,,,,Hanover Powder Coating,,,,,,,,,,,,,,,
,Active,Hanover Tool,0.00,0.00,,,,,,Hanover Tool,,,,,,,,,,,,,,,
,Active,Harbor Freight,0.00,0.00,,,,,,Harbor Freight,,,,,,,,,,,,,,,
,Active,"Harvey & Driggs, PLC",0.00,0.00,,,,,,"Harvey & Driggs, PLC",7516 Right Flank Rd - Suite 210,"Mechanicsville, Va 23116",,,,,,,,,,804-220-9013,,,
,Active,Harvey Custalow Landscaping,0.00,0.00,Harvey Custalow Landscaping,,,,,Harvey Custalow Landscaping,PO Box 582,"Mechanicsville, VA 23111",,,,,,,,,,804-201-5539,,,
,Active,Hayden's Handy Work LLC,0.00,0.00,,,,,,Hayden's Handy Work LLC,8294 Studley Rd,"Mechanicsville, VA 23116",,,,,,,,,,8046908269,,,
,Active,Hayden's Landscaping LLC,0.00,0.00,Hayden's Landscaping LLC,,,,,Hayden's Landscaping LLC,8294 Studley Rd,"Mechanicsville, VA 23116",,,,,,,,,,,,,
,Active,Hellwig Suspension Products,0.00,0.00,,,,,,Hellwig Suspension Products,,,,,,,,,,,,,,,
,Active,Henrico General District Court,0.00,0.00,,,,,,Henrico General District Court,,,,,,,,,,,,,,,
,Active,Heritage,0.00,0.00,,,,,,Heritage,,,,,,,,,,,,,,,
,Active,Home Advisor,0.00,0.00,,,,,,Home Advisor,,,,,,,,,,,,,,,
,Active,Home Depot,0.20,-0.20,,,,,,,,,,,,,,,,,,,,,
,Active,Hoober,0.00,0.00,,,,,,Hoober,,,,,,,,,,,,,,,
,Active,Hooters,0.00,0.00,,,,,,Hooters,,,,,,,,,,,,,,,
,Active,Hoseworks,0.00,0.00,,,,,,Hoseworks,,,,,,,,,,,,,,,
,Active,HP PRODUCT SVC & REP,0.00,0.00,,,,,,HP PRODUCT,,,,,,,,,,,,,,,
,Active,InDEED,0.00,0.00,,,,,,InDEED,,,,,,,,,,,,,,,
,Active,Inkt Va,0.00,0.00,,,,,,Inkt Va,,,,,,,,,,,,,,,
,Active,INTUIT CHECKS FORM,0.00,0.00,,,,,,INTUIT CHECKS FORM,,,,,,,,,,,,,,,
,Active,INTUIT PYMT SOLN/TRAN FEE,0.00,0.00,,,,,,INTUIT PYMT SOLN/TRAN FEE,,,,,,,,,,,,,,,
,Active,INTUIT/8004INTUIT,0.00,0.00,,,,,,INTUIT/8004INTUIT,,,,,,,,,,,,,,,
,Active,Invisible Fence,0.00,0.00,,,,,,Invisible Fence,,,,,,,,,,,,,,,
,Active,Irrigation Global,0.00,0.00,,,,,,Irrigation Global,,,,,,,,,,,,,,,
,Active,"Isuzu Finance of America, Inc",0.00,0.00,,,,,,,,,,,,,,,,,,,,,
,Active,J & R Towing,0.00,0.00,,,,,,J & R Towing,,,,,,,,,,,,,,,
,Active,J.A. LaVoie,0.00,0.00,,,,,,J.A. LaVoie,,,,,,,,,,,,,,,
,Active,J.S. Archer Inc,0.00,0.00,,,,,,J.S. Archer Inc,10466 Dow - Gil Rd,Ashland Va 23005,,,,,,,,,,,,,
,Active,Ja Lavoie Equipment,0.00,0.00,,,,,,Ja Lavoie Equipment,,,,,,,,,,,,,,,
,Active,Jack's Small Engine,0.00,0.00,,,,,,Jack's Small Engine,,,,,,,,,,,,,,,
,Active,Jacor Inc,0.00,0.00,,,,,,Jacor Inc,,,,,,,,,,,,,,,
,Active,James River Equipment,0.00,0.00,,,,,,James River Equipment,,,,,,,,,,,,,,,
,Active,James River Grounds Managment,0.00,0.00,,,,,,James River Grounds Managment,,,,,,,,,,,,,,,
,Active,James River Petroleum,"1,295.60","-1,295.60",,,,,,James River Petroleum,10487 Lakeridge Parkway,Suite 100,"Ashland, Va 23005",,,,,,,,,,,,
,Active,Jason Baynham,0.00,0.00,Jason Baynham,,,,,Jason Baynham,10198 Williamsville Rd,"Mechanicsville, VA 23116",,,,,,,,,,804-677-8969,,,
,Active,Jerry's Small Engine Supply Co,0.00,0.00,,,,,,Jerry's Small Engine Supply Co,,,,,,,,,,,,,,,
,Active,"JGB Creative Services, Inc",0.00,0.00,"JGB Creative Services, Inc",,,,,"JGB Creative Services, Inc",P.O Box 868,"Ashland, Va 23005",,,,,,,,,,,,,
,Active,John Deere Credit,330.38,-330.38,,,,,,John Deere Credit,,,,,,,,,,,,,,,
,Active,John Deere Financial,0.00,0.00,John Deere Financial,,,,,John Deere Financial,PO Box 650215,"Dallas, TX 75265-0215",,,Site One Pete Rose,9207 Old Staples Mill Rd,"Henrico, VA 23228-2009",,,,,8042887436,,,
,Active,John Deere Landscapes LLC,164.48,-164.48,,,,,,John Deere Landscapes LLC,24110 Network Place,"Chicago, IL 60673",,,,,,,,,,,,,
,Active,Jthomasparts.com,0.00,0.00,,,,,,Jthomasparts.com,,,,,,,,,,,,,,,
,Active,K & K Manufacturing,0.00,0.00,,,,,,K & K Manufacturing,,,,,,,,,,,,,,,
,Active,Kangaroo Express,0.00,0.00,,,,,,Kangaroo Express,,,,,,,,,,,,,,,
,Active,KeyKopy Safe & Lock,0.00,0.00,,,,,,KeyKopy Safe & Lock,,,,,,,,,,,,,,,
,Active,Kin Art Wraps,0.00,0.00,,,,,,Kin Art Wraps,,,,,,,,,,,,,,,
,Active,Kohler Equiptment,0.00,0.00,,,,,,Kohler Equiptment,,,,,,,,,,,,,,,
,Active,Kreggers,0.00,0.00,,,,,,Kreggers,,,,,,,,,,,,,,,
,Active,kroger,0.00,0.00,,,,,,kroger,,,,,,,,,,,,,,,
,Active,KROGER FUEL #3515 008008533033,0.00,0.00,,,,,,KROGER FUEL #3515 008008533033,,,,,,,,,,,,,,,
,Active,Kyles Automotive LLC,0.00,0.00,,,,,,Kyles Automotive LLC,,,,,,,,,,,,,,,
,Active,Labor Law Center,0.00,0.00,,,,,,Labor Law Center,,,,,,,,,,,,,,,
,Active,Land & Coates,0.00,0.00,,,,,,Land & Coates,,,,,,,,,,,,,,,
,Active,Landscape Supply,0.00,0.00,,,,,,Landscape Supply,,,,,,,,,,,,,,,
,Active,Lawrence Equiptment,0.00,0.00,,,,,,Lawrence Equiptment,,,,,,,,,,,,,,,
,Active,LDSI Landscaping,0.00,0.00,,,,,,LDSI Landscaping,7501 Pond Edge Ct,"Mechanicsville, Va 23111",,,,,,,,,,,,,
,Active,Leonard Trailer,0.00,0.00,,,,,,Leonard Trailer,,,,,,,,,,,,,,,
,Active,Lesco,0.00,0.00,Lesco,,,,,Lesco,4114 W Clay St,"Richmond, Va 23230-3328",,,,,,,,,,804-358-7828,,,
,Active,Lewis Ginter Botanical Garden,0.00,0.00,,,,,,Lewis Ginter Botanical Garden,,,,,,,,,,,,,,,
,Active,LifeProof,0.00,0.00,,,,,,LifeProof,,,,,,,,,,,,,,,
,Active,Little Caesars,0.00,0.00,,,,,,Little Caesars,,,,,,,,,,,,,,,
,Active,Lock Smith Near Me Of Richmond LLC,0.00,0.00,,,,,,Lock Smith Near Me Of Richmond LLC,,,,,,,,,,,,,,,
,Active,Loving's Paint,0.00,0.00,,,,,,Loving's Paint,,,,,,,,,,,,,,,
,Active,LOWE'S,0.00,0.00,,,,,,LOWE'S,,,,,,,,,,,,,,,
,Active,LOWE'S OF N. RICHMONRICHMOND,0.00,0.00,,,,,,LOWE'S OF N. RICHMONRICHMOND,,,,,,,,,,,,,,,
,Active,Lowes,48.90,-48.90,,,,,,,,,,,,,,,,,,,,,
,Active,Lube Tech,0.02,-0.02,,,,,,Lube Tech,9080 Atlee Station rd,"Mechanicsville, Va 23116",,,,,,,,,,,,,
,Active,Luck Chevrolet,0.00,0.00,,,,,,516 S Washington Hwy,PO Box 1597,"Ashland, VA 23005",,,,,,,,,,,,,
,Active,Luck Stone,0.00,0.00,,,,,,Luck Stone,,,,,,,,,,,,,,,
,Active,Luckys,0.00,0.00,,,,,,Luckys,,,,,,,,,,,,,,,
,Active,"M K Watson, Jr Co.",0.00,0.00,,,,,,"M K Watson, Jr Co.",,,,,,,,,,,,,,,
,Active,Mac's Valero,0.00,0.00,,,,,,Mac's Valero,,,,,,,,,,,,,,,
,Active,Marine Parts Source,0.00,0.00,,,,,,Marine Parts Source,,,,,,,,,,,,,,,
,Active,Martin Monroy-,0.00,0.00,,,,,,Martin Monroy-,,,,,,,,,,,,,,,
,Active,Matt Smith,0.00,0.00,Mobile Lawn Repair,,,,,Matt Smith,9399 N Rinker Dr,"Mechanicsville, VA 23116",,,,,,,,,,804-539-4000,,,
,Active,"Mattaponi Turck and Machinery, LLC",0.00,0.00,,,,,,"Mattaponi Turck and Machinery, LLC",,,,,,,,,,,,,,,
,Active,Mazn Studio,0.00,0.00,,,,,,Mazn Studio,11206 Leadbetter Rd,"Ashland, Va 23005",,,,,,,,,,,,,
,Active,McCoy Water Filter Inc.,0.00,0.00,,,,,,McCoy Water Filter Inc.,P.O Box 590,"Sandston, Va 23150",,,,,,,,,,,,,
,Active,Mechanicsville Rental Center,0.00,0.00,,,,,,Mechanicsville Rental Center,,,,,,,,,,,,,,,
,Active,Med first,0.00,0.00,,,,,,Med first,,,,,,,,,,,,,,,
,Active,Mega Office Furniture,0.00,0.00,,,,,,Mega Office Furniture,,,,,,,,,,,,,,,
,Active,Merchant's Tire & Auto Center,0.00,0.00,,,,,,Merchant's Tire & Auto Center,,,,,,,,,,,,,,,
,Active,Microsoft,0.00,0.00,,,,,,Microsoft,,,,,,,,,,,,,,,
,Active,Miller Mart,0.00,0.00,,,,,,Miller Mart,,,,,,,,,,,,,,,
,Active,Millers Energy,0.00,0.00,,,,,,Millers Energy,,,,,,,,,,,,,,,
,Active,Minor's Fences,0.00,0.00,,,,,,Minor's Fences,12174 Washington Hwy,"Ashland, Va 23005",,,,,,,,,,,,,
,Active,Moasure One,0.00,0.00,,,,,,Moasure One,,,,,,,,,,,,,,,
,Active,Money Tree Inc,0.00,0.00,,,,,,Money Tree Inc,,,,,,,,,,,,,,,
,Active,Montgomery Irrigation,0.00,0.00,,,,,,Montgomery Irrigation,7935 Old Jessup Rd.,"Jessup, MD 20794",,,,,,,,,,,,,
,Active,More Than Glass,0.00,0.00,,,,,,More Than Glass,8195 Walnut Grove Rd,"Mechanicsville, VA 23111",804-746-3086,,,,,,,,,,,,
,Active,Motion Trailer Worx,0.00,0.00,,,,,,Motion Trailer Worx,,,,,,,,,,,,,,,
,Active,Mulch Unlimited Inc.,"-41,291.49","41,291.49", John Deere,,,,,Mulch Unlimited Inc.,8369 Richfood Rd,"Mechanicsville, Va 23116",,,,,,,,,,,,,
,Active,Mulch Worx,0.00,0.00,Mulch worx,,,,,Mulch Worx,PO Box 422,"Rockville, VA 23146",,,,,,,,,,8043818814,,,
,Active,Mulchmate USA,0.00,0.00,,,,,,Mulchmate USA,,,,,,,,,,,,,,,
,Active,Napa Auto,0.00,0.00,,,,,,Napa Auto,,,,,,,,,,,,,,,
,Active,National Tank Outlet,0.00,0.00,,,,,,National Tank Outlet,,,,,,,,,,,,,,,
,Active,National Tire & Battery,0.00,0.00,,,,,,National Tire & Battery,,,,,,,,,,,,,,,
,Active,Newmart Builders,0.00,0.00,,,,,,Newmart Builders,,,,,,,,,,,,,,,
,Active,Nolts Power LLC,0.00,0.00,,,,,,Nolts Power LLC,,,,,,,,,,,,,,,
,Active,Northern Tool & Equiptment,0.00,0.00,,,,,,Northern Tool & Equiptment,,,,,,,,,,,,,,,
,Active,Nothern Tool,0.00,0.00,,,,,,Nothern Tool,,,,,,,,,,,,,,,
,Active,O'Reilly Auto Parts,0.00,0.00,,,,,,O'Reilly Auto Parts,,,,,,,,,,,,,,,
,Active,Office Depot,0.00,0.00,,,,,,Office Depot,,,,,,,,,,,,,,,
,Active,Office Max,0.00,0.00,,,,,,,,,,,,,,,,,,,,,
,Active,Oreilly Auto Parts,0.00,0.00,,,,,,Oreilly Auto Parts,,,,,,,,,,,,,,,
,Active,P JS Truck Bodies,0.00,0.00,,,,,,P JS Truck Bodies,,,,,,,,,,,,,,,
,Active,Parts Geek,0.00,0.00,,,,,,Parts Geek,,,,,,,,,,,,,,,
,Active,Parts Pro Direct,0.00,0.00,,,,,,Parts Pro Direct,,,,,,,,,,,,,,,
,Active,PartsMarket,0.00,0.00,,,,,,PartsMarket,,,,,,,,,,,,,,,
,Active,partstree.com,0.00,0.00,,,,,,partstree.com,,,,,,,,,,,,,,,
,Active,Patrick Buick GMC,0.00,0.00,,,,,,Patrick Buick GMC,,,,,,,,,,,,,,,
,Active,Pested,0.00,0.00,,,,,,Pested,,,,,,,,,,,,,,,
,Active,Pete Rose Inc.,297.37,-297.37,Pete Rose Inc,,,,,Pete Rose Inc,p.o. Box 9844,"Richmond, VA 23228",,,,,,,,,,804-288-7436,,,
,Active,Pilot,0.00,0.00,,,,,,Pilot,,,,,,,,,,,,,,,
,Active,Pit Stop,0.00,0.00,,,,,,Pit Stop,,,,,,,,,,,,,,,
,Active,Pleasants Hardware,0.00,0.00,,,,,,Pleasants Hardware,,,,,,,,,,,,,,,
,Active,Please Louise,0.00,0.00,,,,,,Please Louise,,,,,,,,,,,,,,,
,Active,Pocahontas Parkway,0.00,0.00,,,,,,Pocahontas Parkway,,,,,,,,,,,,,,,
,Active,Porch,0.00,0.00,,,,,,Porch,,,,,,,,,,,,,,,
,Active,Power Plan,0.00,0.00,,,,,,Power Plan,,,,,,,,,,,,,,,
,Active,Pressure Works,0.00,0.00,,,,,,Pressure Works,,,,,,,,,,,,,,,
,Active,Pro Parts Direct,0.00,0.00,,,,,,Pro Parts Direct,,,,,,,,,,,,,,,
,Active,Publix,0.00,0.00,,,,,,Publix,,,,,,,,,,,,,,,
,Active,Quality Inn,0.00,0.00,,,,,,Quality Inn,,,,,,,,,,,,,,,
,Active,Quarles Fleet Fueling,0.26,-0.26,,,,,,Quarles Fleet Fueling,,,,,,,,,,,,,,,
,Active,Quarles Petroleum,0.00,0.00,,,,,,Quarles Petroleum,P.O Box 745736,"Atlanta, Ga 30374",,,,,,,,,,,,,
,Active,Quick Books,0.00,0.00,,,,,,Quick Books,,,,,,,,,,,,,,,
,Active,Quick N Easy,0.00,0.00,,,,,,Quick N Easy,,,,,,,,,,,,,,,
,Active,QuickBooks Payroll Service,0.00,0.00,,,,,,,,,,,,,,,,,,,,,
,Active,Raindrop Irrigation,125.00,-125.00,Raindrop Irrigation,,,,,Raindrop Irrigation Inc,9315 Shelton Pointe Dr,"Mechanicsville, Va 23116",,,,,,,,,,,,,
,Active,RBI Corporation,367.71,-367.71,,,,,,RBI Corporation,,,,,,,,,,,,,,,
,Active,realtruck.com,0.00,0.00,,,,,,realtruck.com,,,,,,,,,,,,,,,
,Active,Reddick Equipment Company,0.00,0.00,,,,,,Reddick Equipment Company,,,,,,,,,,,,,,,
,Active,Redmax Parts Direct,0.00,0.00,,,,,,Redmax Parts Direct,,,,,,,,,,,,,,,
,Active,REI,0.00,0.00,,,,,,REI,,,,,,,,,,,,,,,
,Active,Rental Works,0.00,0.00,,,,,,Rental Works,,,,,,,,,,,,,,,
,Active,Repa Auto Inc,0.00,0.00,,,,,,Repa Auto Inc,,,,,,,,,,,,,,,
,Active,Republic Services,0.00,0.00,,,,,,Republic Services,2490 Charles City Rd,"Richmond, Va 23231",,,,,,,,,,,,,
,Active,Residential / Commercial Small Engine,0.00,0.00,,,,,,Residential / Commercial Small Engine,,,,,,,,,,,,,,,
,Active,Rice Tire,0.00,0.00,,,,,,Rice Tire,,,,,,,,,,,,,,,
,Active,Richmond Help Wanted,0.00,0.00,,,,,,Richmond Help Wanted,,,,,,,,,,,,,,,
,Active,Richmond Machinery,0.00,0.00,,,,,,Richmond Machinery,,,,,,,,,,,,,,,
,Active,Richmond Metropolitan Transportation,0.00,0.00,,,,,,Richmond Metropolitan Transportation,,,,,,,,,,,,,,,
,Active,Richmond Suburban News,0.00,0.00,,,,,,Richmond Suburban News,,,,,,,,,,,,,,,
,Active,Rick's Tire & Auto,0.00,0.00,,,,,,Rick's Tire & Auto,,,,,,,,,,,,,,,
,Active,Rico's,0.00,0.00,,,,,,Rico's,,,,,,,,,,,,,,,
,Active,Ridgeview Equipment,0.00,0.00,,,,,,Ridgeview Equipment,12521 James Madison Hwy,"Orange, Va 22960",,,,,,,,,,,,,
,Active,Rite Aid,0.00,0.00,,,,,,Rite Aid,,,,,,,,,,,,,,,
,Active,Riverside Hydraulics,0.00,0.00,,,,,,Riverside Hydraulics,,,,,,,,,,,,,,,
,Active,RND Signs,0.00,0.00,,,,,,RND Signs,,,,,,,,,,,,,,,
,Active,Robinson Wrecker Service,0.00,0.00,,,,,,Robinson Wrecker Service,,,,,,,,,,,,,,,
,Active,Robs Glass Works,0.00,0.00,,,,,,Robs Glass Works,,,,,,,,,,,,,,,
,Active,"Rock Creek Innovations, Inc",0.00,0.00,"Rock Creek Innovations, Inc",,,,,"Rock Creek Innovations, Inc",P.O. Box 306,"Rockville, Va 23146",,,,,,,,,,804-749-8884,,,
,Active,Rowe Fence LLC,0.00,0.00,,,,,,Rowe Fence LLC,,,,,,,,,,,,,,,
,Active,RR Products,0.00,0.00,,,,,,RR Products,,,,,,,,,,,,,,,
,Active,Rush Truck Center,0.00,0.00,,,,,,Rush Truck Center,,,,,,,,,,,,,,,
,Active,Ryan Beck,0.00,0.00,,,,,,Ryan Beck,1135 Buckner Rd,"Bumpass, VA 23024",,,,,,,,,,,,,
,Active,Ryan King,0.00,0.00,,,,,,Ryan King,,,,,,,,,,,,,,,
,Active,Safelite Auto Glass,0.00,0.00,,,,,,Safelite Auto Glass,,,,,,,,,,,,,,,
,Active,Scott Erwin,0.00,0.00,,,,,,Scott Erwin,,,,,,,,,,,,,,,
,Active,Seal This!,0.00,0.00,Seal This!,,,,,Seal This!,11086 Cobbs Rd,"Glen Allen, VA 23059",,,Seal This!,11086 Cobbs Rd,"Glen Allen, VA 23059",,,,,8042481654,,,
,Active,Sedona Taphouse,0.00,0.00,,,,,,Sedona Taphouse,,,,,,,,,,,,,,,
,Active,Seredni Tire,0.00,0.00,,,,,,Seredni Tire,,,,,,,,,,,,,,,
,Active,Service Auto Pilot,0.00,0.00,,,,,,Service Auto Pilot,,,,,,,,,,,,,,,
,Active,Shanks Lawn Equiptment,0.00,0.00,,,,,,Shanks Lawn Equiptment,,,,,,,,,,,,,,,
,Active,Sharky's Tees,0.00,0.00,,,,,,Sharky's Tees,,,,,,,,,,,,,,,
,Active,Sheehy Ashland,0.00,0.00,,,,,,Sheehy Ashland,,,,,,,,,,,,,,,
,Active,sheetz,0.00,0.00,,,,,,sheetz,,,,,,,,,,,,,,,
,Active,Sheffield Financial,111.69,-111.69,Sheffield Financial,,,,,Sheffield Financial,P.O. Box 580229,Charlotte NC 2852-0229,,,,,,,,,,,,,
,Active,Shell,0.00,0.00,,,,,,Shell,,,,,,,,,,,,,,,
,Active,Sherwin Williams,0.00,0.00,,,,,,Sherwin Williams,,,,,,,,,,,,,,,
,Active,Shippers Choice,0.00,0.00,,,,,,Shippers Choice,,,,,,,,,,,,,,,
,Active,Shoosmith Bros Inc,0.00,0.00,,,,,,Shoosmith Bros Inc,P.O Box 2770,"Chesterfield, Va 23832",,,,,,,,,,,,,
,Active,Site One Landscape Supply,"-61,541.15","61,541.15",,,,,,Site One Landscape Supply,11102 Air Park Drive,"Ashland, VA 23005",Local Address,,,,,,,,,,,,
,Active,SLE Equiptment,0.00,0.00,,,,,,SLE Equiptment,,,,,,,,,,,,,,,
,Active,Smileys Glass,0.00,0.00,,,,,,Smileys Glass,,,,,,,,,,,,,,,
,Active,Smith Turf & Irrigation,0.00,0.00,,,,,,Smith Turf & Irrigation,,,,,,,,,,,,,,,
,Active,Soul Farms LLC,0.00,0.00,Soul Farms LLC,,,,,Soul Farms LLC,PO Box 3391,"Mechanicsville, VA 23116",,,,,,,,,,8045146090,,,
,Active,Southern States Coop,"-12,430.59","12,430.59",,,,,,Southern States Coop,,,,,,,,,,,,,,,
,Active,sprayerdepot.com,0.00,0.00,,,,,,sprayerdepot.com,,,,,,,,,,,,,,,
,Active,Spraying Devices Inc,0.00,0.00,,,,,,Spraying Devices Inc,,,,,,,,,,,,,,,
,Active,SRM Concrete,0.00,0.00,,,,,,SRM Concrete,,,,,,,,,,,,,,,
,Active,St Louis Br,0.00,0.00,,,,,,St Louis Bread,,,,,,,,,,,,,,,
,Active,Stamleys Car & Truck,0.00,0.00,,,,,,Stamleys Car & Truck,,,,,,,,,,,,,,,
,Active,Stanley Store,0.00,0.00,,,,,,Stanley Store,,,,,,,,,,,,,,,
,Active,Stanleys Car & Truck,0.00,0.00,,,,,,Stanleys Car & Truck,,,,,,,,,,,,,,,
,Active,Stanleys Car & Truck Repair,0.00,0.00,,,,,,Stanleys Car & Truck Repair,,,,,,,,,,,,,,,
,Active,State Corporation Commision,0.00,0.00,,,,,,State Corporation Commision,,,,,,,,,,,,,,,
,Active,Sti Turf Care,0.00,0.00,,,,,,Sti Turf Care,,,,,,,,,,,,,,,
,Active,Stinger Equipment,0.00,0.00,,,,,,Stinger Equipment,,,,,,,,,,,,,,,
,Active,Subway,0.00,0.00,,,,,,Subway,,,,,,,,,,,,,,,
,Active,Summit Media,0.00,0.00,,,,,,Summit Media,,,,,,,,,,,,,,,
,Active,Sunbelt Rentals,0.00,0.00,,,,,,Sunbelt Rentals,,,,,,,,,,,,,,,
,Active,Sunoco,0.00,0.00,,,,,,Sunoco,,,,,,,,,,,,,,,
,Active,Super Lawn Trucks,0.00,0.00,,,,,,Super Lawn Trucks,,,,,,,,,,,,,,,
,Active,Superior Equpment,0.00,0.00,,,,,,Superior Equpment,,,,,,,,,,,,,,,
,Active,Superior Plus Propane,0.00,0.00,Superior Plus Propane,,,,,Superior Plus Propane,PO BOX 981045,"Boston, MA 02298-1045",,,,,,,,,,8558043835,,,
,Active,Suspension Connextion,0.00,0.00,,,,,,Suspension Connextion,,,,,,,,,,,,,,,
,Active,Sutton & Clark,0.00,0.00,,,,,,Sutton & Clark,,,,,,,,,,,,,,,
,Active,T-Mobile,0.00,0.00,T-Mobile,,,,,T-Mobile,,,,,,,,,,,,,,,
,Active,T J Guthrie,0.00,0.00,,,,,,T J Guthrie,,,,,,,,,,,,,,,
,Active,T Mobile,0.00,0.00,,,,,,T Mobile,,,,,,,,,,,,,,,
,Active,Tank Depot,0.00,0.00,,,,,,Tank Depot,,,,,,,,,,,,,,,
,Active,Target,0.00,0.00,,,,,,Target,,,,,,,,,,,,,,,
,Active,Tarps Direct,0.00,0.00,,,,,,Tarps Direct,,,,,,,,,,,,,,,
,Active,TAX1099,0.00,0.00,,,,,,TAX1099,,,,,,,,,,,,,,,
,Active,TB Flesher Heating & Air,0.00,0.00,,,,,,TB Flesher Heating & Air,,,,,,,,,,,,,,,
,Active,Techatlantis Inc,0.00,0.00,,,,,,Techatlantis Inc,,,,,,,,,,,,,,,
,Active,The Greenhouse,0.00,0.00,,,,,,The Greenhouse,,,,,,,,,,,,,,,
,Active,The Little Clinic,0.00,0.00,,,,,,The Little Clinic,,,,,,,,,,,,,,,
,Active,The UPS Store,0.00,0.00,,,,,,The UPS Store,,,,,,,,,,,,,,,
,Active,The Webstaurant Store,0.00,0.00,,,,,,The Webstaurant Store,,,,,,,,,,,,,,,
,Active,The Wireless Center,0.00,0.00,,,,,,The Wireless Center,,,,,,,,,,,,,,,
,Active,Thurston Spring Service Inc.,0.00,0.00,,,,,,Thurston Spring Service Inc.,,,,,,,,,,,,,,,
,Active,Tipco Technologies I410-356-0003,0.00,0.00,,,,,,Tipco Technologies I410-356-0003,,,,,,,,,,,,,,,
,Active,Tirex Inc,0.00,0.00,,,,,,Tirex Inc,7001 Brook Rd,"Richmond, Va 23227",,,,,,,,,,804-266-3557,,,
,Active,Titan Attachments,0.00,0.00,,,,,,Titan Attachments,,,,,,,,,,,,,,,
,Active,Torres Buildings LLC,0.00,0.00,,,,,,Torres Buildings LLC,,,,,,,,,,,,,,,
,Active,Tractor Supply,0.00,0.00,,,,,,Tractor Supply,,,,,,,,,,,,,,,
,Active,Treasurer Of Virginia,0.00,0.00,,,,,,Treasurer Of Virginia,,,,,,,,,,,,,,,
,Active,Trio Fasteners,0.00,0.00,,,,,,Trio Fasteners,,,,,,,,,,,,,,,
,Active,TrucknTow.com,0.00,0.00,,,,,,TrucknTow.com,,,,,,,,,,,,,,,
,Active,Turf Trade,0.00,0.00,,,,,,Turf Trade,,,,,,,,,,,,,,,
,Active,Tyrice Smith,0.00,0.00,,,,,,Tyrice Smith,,,,,,,,,,,,,,,
,Active,ubreakifix,0.00,0.00,,,,,,ubreakifix,,,,,,,,,,,,,,,
,Active,Ultimate Cycle Powhatan,0.00,0.00,,,,,,Ultimate Cycle Powhatan,,,,,,,,,,,,,,,
,Active,UniFirst Corp,91.40,-91.40,UniFirst Corp,,,,,UniFirst Corp,4300 Castlewood Road,"Richmond, VA23234, VA 23234",USA,,,,,,,,,,,,
,Active,Union Bank & Trust,"-1,249.21","1,249.21",,,,,,Union Bank & Trust,,,,,,,,,,,,,,,
,Active,United Rentals,0.00,0.00,,,,,,United Rentals,,,,,,,,,,,,,,,
,Active,United States Postal Service,0.00,0.00,,,,,,United States Postal Service,,,,,,,,,,,,,,,
,Active,United States Treasury,0.00,0.00,,,,,,,,,,,,,,,,,,,,,
,Active,Universal Hose & Fittings,0.00,0.00,,,,,,Universal Hose & Fittings,,,,,,,,,,,,,,,
,Active,Upper Decks,0.00,0.00,Upper Decks,,,,,Upper Decks,6997 Brooking Way,"Mechanicsville, Va 23111",,,,,,,,,,804-310-7001,,,
,Active,USA ICE,0.00,0.00,,,,,,USA ICE,,,,,,,,,,,,,,,
,Active,USPS,0.00,0.00,,,,,,USPS,,,,,,,,,,,,,,,
,Active,Utlimate Cycle,0.00,0.00,,,,,,Utlimate Cycle,,,,,,,,,,,,,,,
,Active,VA Department of Taxation,0.00,0.00,,,,,,VA Department of Taxation,,,,,,,,,,,,,,,
,Active,Va Truck & Trailer Sales,0.00,0.00,,,,,,Va Truck & Trailer Sales,,,,,,,,,,,,,,,
,Active,Valero,0.00,0.00,,,,,,Valero,,,,,,,,,,,,,,,
,Active,Valley Well Services,0.00,0.00,,,,,,Valley Well Services,,,,,,,,,,,,,,,
,Active,Verizon Wireless,148.93,-148.93,,,,,,Verizon Wireless,,,,,,,,,,,,,,,
,Active,Vevor,0.00,0.00,,,,,,Vevor,,,,,,,,,,,,,,,
,Active,VIRGIIA DEPARTMENT OF TAXATION,0.00,0.00,,,,,,VIRGIIA DEPARTMENT OF TAXATION,,,,,,,,,,,,,,,
,Active,Virginia Cooperative Extension,0.00,0.00,,,,,,Virginia Cooperative Extension,,,,,,,,,,,,,,,
,Active,Virginia Custom Buildings & Play Centers,0.00,0.00,,,,,,Virginia Custom Buildings & Play Centers,,,,,,,,,,,,,,,
,Active,Virginia Department Of Agriculture,0.00,0.00,,,,,,Virginia Department Of Agriculture,,,,,,,,,,,,,,,
,Active,VIRGINIA EMPLOYEMENT COMMISSION,0.00,0.00,,,,,,,,,,,,,,,,,,,,,
,Active,Virginia Mulch Systems Inc,0.00,0.00,,,,,,Virginia Mulch Systems Inc,8302 Christian Ridge Dr,"Mechanicsville, Va 23111",,,,,,,,,,,,,
,Active,Virginia Turfgrass Council,0.00,0.00,,,,,,Virginia Turfgrass Council,,,,,,,,,,,,,,,
,Active,Virginia Wood Processing Inc,0.00,0.00,,,,,,Virginia Wood Processing Inc,,,,,,,,,,,,,,,
,Active,Vistaprint,0.00,0.00,,,,,,Vistaprint,,,,,,,,,,,,,,,
,Active,Wal-Mart,0.00,0.00,,,,,,Wal-Mart,,,,,,,,,,,,,,,
,Active,Walgreens,0.00,0.00,,,,,,Walgreens,,,,,,,,,,,,,,,
,Active,Walmart,0.00,0.00,,,,,,Walmart,,,,,,,,,,,,,,,
,Active,Walmart Fuel,0.00,0.00,,,,,,Walmart Fuel,,,,,,,,,,,,,,,
,Active,Watkins Nursery,0.00,0.00,,,,,,Watkins Nursery,,,,,,,,,,,,,,,
,Active,Wave Smith Co,0.00,0.00,,,,,,Wave Smith Co,,,,,,,,,,,,,,,
,Active,Wawa,0.00,0.00,,,,,,Wawa,,,,,,,,,,,,,,,
,Active,WAWA 8602 0000000000MECHANICSVI,0.00,0.00,,,,,,WAWA 8602 0000000000MECHANICSVI,,,,,,,,,,,,,,,
,Active,Websters LLC,0.00,0.00,Websters LLC,,,,,Websters LLC,104 N. Macon Ter,"Ashland, VA  23005-1222",,,,,,,,,,,,,
,Active,West Store,0.00,0.00,,,,,,West Store,,,,,,,,,,,,,,,
,Active,Whitten Brothers,0.00,0.00,,,,,,Whitten Brothers,,,,,,,,,,,,,,,
,Active,William Marshall,0.00,0.00,William Marshall,,,,,William Marshall,2206 ELLISVILLE DR,"LOUISA, VA 23093",,,,,,,,,,804-314-8923,,,
,Active,William N Marshall,0.00,0.00,William N Marshall,,,,,William N Marshall,2206 Ellisville Dr,"Louisa, VA 23093",,,William N Marshall,2206 Ellisville Dr,"Louisa, VA 23093",,,,,804-314-8923,,,
,Active,Williams Brothers Tree Service,0.00,0.00,,,,,,Williams Brothers Tree Service,54 Kerry Ln,"Stauton, Va 24401",,,,,,,,,,,,,
,Active,WILLIAMSON DICKIE MFFORT WORTH,0.00,0.00,,,,,,WILLIAMSON DICKIE MFFORT WORTH,,,,,,,,,,,,,,,
,Active,Window Tint Specialists,0.00,0.00,,,,,,Window Tint Specialists,,,,,,,,,,,,,,,
,Active,Wise Choice,0.00,0.00,,,,,,Wise Choice,,,,,,,,,,,,,,,
,Active,Woodfin Watchcard,0.00,0.00,,,,,,Woodfin Watchcard,,,,,,,,,,,,,,,
,Active,"World Fuel Services, Inc",0.00,0.00,"World Fuel Services, Inc",,,,,"World Fuel Services, Inc.",62297 Collections Center Drive,"Chicago, IL 60693",,,,,,,,,,,,,
,Active,WW Grainger,0.00,0.00,,,,,,WW Grainger,,,,,,,,,,,,,,,
,Active,WW Granger,0.00,0.00,,,,,,WW Granger,,,,,,,,,,,,,,,
,Active,Yard Works,0.00,0.00,,,,,,Yard Works,,,,,,,,,,,,,,,
,Active,Yellow Pages,0.00,0.00,,,,,,Yellow Pages,,,,,,,,,,,,,,,
,Active,Zenwork Tax,0.00,0.00,,,,,,Zenwork Tax,,,,,,,,,,,,,,,
,Active,ZiPRecruiter,0.00,0.00,,,,,,ZiPRecruiter,,,,,,,,,,,,,,,
,Active,ZOHO Corporation,0.00,0.00,,,,,,ZOHO Corporation,,,,,,,,,,,,,,,